Name,Behavior,Storage,FileSpec,FileSpecSustain,FileSpecRelease,Template,Loadspec,Secondary,SustainAlias,ReleaseAlias,Bus,VolumeGroup,DuckGroup,Duck,ReverbSend,CenterSend,VolMin,VolMax,DistMin,DistMaxDry,DistMaxWet,DryMinCurve,DryMaxCurve,WetMinCurve,WetMaxCurve,LimitCount,LimitType,EntityLimitCount,EntityLimitType,PitchMin,PitchMax,PriorityMin,PriorityMax,PriorityThresholdMin,PriorityThresholdMax,AmplitudePriority,PanType,Pan,Futz,Looping,RandomizeType,Probability,StartDelay,EnvelopMin,EnvelopMax,EnvelopPercent,OcclusionLevel,IsBig,DistanceLpf,FluxType,FluxTime,Subtitle,Doppler,ContextType,ContextValue,ContextType1,ContextValue1,ContextType2,ContextValue2,ContextType3,ContextValue3,Timescale,IsMusic,IsCinematic,FadeIn,FadeOut,Pauseable,StopOnEntDeath,Compression,StopOnPlay,DopplerScale,FutzPatch,VoiceLimit,IgnoreMaxDist,NeverPlayTwice,ContinuousPan,FileSource,FileSourceSustain,FileSourceRelease,FileTarget,FileTargetSustain,FileTargetRelease,Platform,Language,OutputDevices,PlatformMask,WiiUMono,StopAlias,DistanceLpfMin,DistanceLpfMax,FacialAnimationName,RestartContextLoops,SilentInCPZ,ContextFailsafe,GPAD,GPADOnly,MuteVoice,MuteMusic,RowSourceFileName,RowSourceShortName,RowSourceLineNumber
#BO2 Izhmash AK47,,,,,,,,,,,,,,,,,,,,,,,,,,,,,,,,,,,,,,,,,,,,,,,,,,,,,,,,,,,,,,,,,,,,,,,,,,,,,,,,,,,,,,,,,,,,,,,,,,,,,
wpn_t6_ak47_shot_plr,,,skye_ports\t6_ak47\fire\wpn_t6_ak47_shot.wav,,,UIN_MOD,,,,,BUS_FX,,snp_wpn_1p_shot,,,,80,80,,,,,,,,,,,,,,,,,,,2d,,,NONLOOPING,,,,,,,,,,,,,,,,,,,,,,,,,,,,,,,,,,,,,,,,,,,,,,,,,,,,,,,,,,,,,
wpn_t6_ak47_shot_npc,,,skye_ports\t6_ak47\fire\wpn_t6_ak47_shot.wav,,,UIN_MOD,,,,,BUS_FX,,snp_wpn_3p,,,,80,80,0,1000,1000,,,,,,,,,,,,,,,,3d,,,NONLOOPING,,,,,,,,,,,,,,,,,,,,,,,,,,,,,,,,,,,,,,,,,,,,,,,,,,,,,,,,,,,,,
wpn_t6_ak47_pap_shot_plr,,,skye_ports\t6_ak47\fire\wpn_t6_ak47_pap_shot.wav,,,UIN_MOD,,,,,BUS_FX,,snp_wpn_1p_shot,,,,80,80,,,,,,,,,,,,,,,,,,,2d,,,NONLOOPING,,,,,,,,,,,,,,,,,,,,,,,,,,,,,,,,,,,,,,,,,,,,,,,,,,,,,,,,,,,,,
wpn_t6_ak47_pap_shot_npc,,,skye_ports\t6_ak47\fire\wpn_t6_ak47_pap_shot.wav,,,UIN_MOD,,,,,BUS_FX,,snp_wpn_3p,,,,80,80,0,1000,1000,,,,,,,,,,,,,,,,3d,,,NONLOOPING,,,,,,,,,,,,,,,,,,,,,,,,,,,,,,,,,,,,,,,,,,,,,,,,,,,,,,,,,,,,,
wpn_t6_ak47_bolt_back,,,skye_ports\t6_ak47\foley\wpn_t6_ak47_bolt_back.wav,,,UIN_MOD,,,,,BUS_FX,,snp_wpn_1p,,,,,,,,,,,,,,,,,,,,,,,,2d,,,NONLOOPING,,,,,,,,,,,,,,,,,,,,,,,,,,,,,,,,,,,,,,,,,,,,,,,,,,,,,,,,,,,,,
wpn_t6_ak47_bolt_forward,,,skye_ports\t6_ak47\foley\wpn_t6_ak47_bolt_forward.wav,,,UIN_MOD,,,,,BUS_FX,,snp_wpn_1p,,,,,,,,,,,,,,,,,,,,,,,,2d,,,NONLOOPING,,,,,,,,,,,,,,,,,,,,,,,,,,,,,,,,,,,,,,,,,,,,,,,,,,,,,,,,,,,,,
wpn_t6_ak47_charge,,,skye_ports\t6_ak47\foley\wpn_t6_ak47_charge.wav,,,UIN_MOD,,,,,BUS_FX,,snp_wpn_1p,,,,,,,,,,,,,,,,,,,,,,,,2d,,,NONLOOPING,,,,,,,,,,,,,,,,,,,,,,,,,,,,,,,,,,,,,,,,,,,,,,,,,,,,,,,,,,,,,
wpn_t6_ak47_futz,,,skye_ports\t6_ak47\foley\wpn_t6_ak47_futz.wav,,,UIN_MOD,,,,,BUS_FX,,snp_wpn_1p,,,,,,,,,,,,,,,,,,,,,,,,2d,,,NONLOOPING,,,,,,,,,,,,,,,,,,,,,,,,,,,,,,,,,,,,,,,,,,,,,,,,,,,,,,,,,,,,,
wpn_t6_ak47_mag_in,,,skye_ports\t6_ak47\foley\wpn_t6_ak47_mag_in.wav,,,UIN_MOD,,,,,BUS_FX,,snp_wpn_1p,,,,,,,,,,,,,,,,,,,,,,,,2d,,,NONLOOPING,,,,,,,,,,,,,,,,,,,,,,,,,,,,,,,,,,,,,,,,,,,,,,,,,,,,,,,,,,,,,
wpn_t6_ak47_mag_out,,,skye_ports\t6_ak47\foley\wpn_t6_ak47_mag_out.wav,,,UIN_MOD,,,,,BUS_FX,,snp_wpn_1p,,,,,,,,,,,,,,,,,,,,,,,,2d,,,NONLOOPING,,,,,,,,,,,,,,,,,,,,,,,,,,,,,,,,,,,,,,,,,,,,,,,,,,,,,,,,,,,,,

#BO2 Izhmash AK74u,,,,,,,,,,,,,,,,,,,,,,,,,,,,,,,,,,,,,,,,,,,,,,,,,,,,,,,,,,,,,,,,,,,,,,,,,,,,,,,,,,,,,,,,,,,,,,,,,,,,,
wpn_t6_ak74u_shot_plr,,,skye_ports\t6_ak74u\fire\wpn_t6_ak74u_shot.wav,,,UIN_MOD,,,,,BUS_FX,,snp_wpn_1p_shot,,,,80,80,,,,,,,,,,,,,,,,,,,2d,,,NONLOOPING,,,,,,,,,,,,,,,,,,,,,,,,,,,,,,,,,,,,,,,,,,,,,,,,,,,,,,,,,,,,,
wpn_t6_ak74u_shot_npc,,,skye_ports\t6_ak74u\fire\wpn_t6_ak74u_shot.wav,,,UIN_MOD,,,,,BUS_FX,,snp_wpn_3p,,,,80,80,0,1000,1000,,,,,,,,,,,,,,,,3d,,,NONLOOPING,,,,,,,,,,,,,,,,,,,,,,,,,,,,,,,,,,,,,,,,,,,,,,,,,,,,,,,,,,,,,
wpn_t6_ak74u_pap_shot_plr,,,skye_ports\t6_ak74u\fire\wpn_t6_ak74u_pap_shot.wav,,,UIN_MOD,,,,,BUS_FX,,snp_wpn_1p_shot,,,,80,80,,,,,,,,,,,,,,,,,,,2d,,,NONLOOPING,,,,,,,,,,,,,,,,,,,,,,,,,,,,,,,,,,,,,,,,,,,,,,,,,,,,,,,,,,,,,
wpn_t6_ak74u_pap_shot_npc,,,skye_ports\t6_ak74u\fire\wpn_t6_ak74u_pap_shot.wav,,,UIN_MOD,,,,,BUS_FX,,snp_wpn_3p,,,,80,80,0,1000,1000,,,,,,,,,,,,,,,,3d,,,NONLOOPING,,,,,,,,,,,,,,,,,,,,,,,,,,,,,,,,,,,,,,,,,,,,,,,,,,,,,,,,,,,,,
wpn_t6_ak74u_bolt_back,,,skye_ports\t6_ak74u\foley\wpn_t6_ak74u_bolt_back.wav,,,UIN_MOD,,,,,BUS_FX,,snp_wpn_1p,,,,,,,,,,,,,,,,,,,,,,,,2d,,,NONLOOPING,,,,,,,,,,,,,,,,,,,,,,,,,,,,,,,,,,,,,,,,,,,,,,,,,,,,,,,,,,,,,
wpn_t6_ak74u_bolt_forward,,,skye_ports\t6_ak74u\foley\wpn_t6_ak74u_bolt_forward.wav,,,UIN_MOD,,,,,BUS_FX,,snp_wpn_1p,,,,,,,,,,,,,,,,,,,,,,,,2d,,,NONLOOPING,,,,,,,,,,,,,,,,,,,,,,,,,,,,,,,,,,,,,,,,,,,,,,,,,,,,,,,,,,,,,
wpn_t6_ak74u_charge,,,skye_ports\t6_ak74u\foley\wpn_t6_ak74u_charge.wav,,,UIN_MOD,,,,,BUS_FX,,snp_wpn_1p,,,,,,,,,,,,,,,,,,,,,,,,2d,,,NONLOOPING,,,,,,,,,,,,,,,,,,,,,,,,,,,,,,,,,,,,,,,,,,,,,,,,,,,,,,,,,,,,,
wpn_t6_ak74u_futz,,,skye_ports\t6_ak74u\foley\wpn_t6_ak74u_futz.wav,,,UIN_MOD,,,,,BUS_FX,,snp_wpn_1p,,,,,,,,,,,,,,,,,,,,,,,,2d,,,NONLOOPING,,,,,,,,,,,,,,,,,,,,,,,,,,,,,,,,,,,,,,,,,,,,,,,,,,,,,,,,,,,,,
wpn_t6_ak74u_mag_in,,,skye_ports\t6_ak74u\foley\wpn_t6_ak74u_mag_in.wav,,,UIN_MOD,,,,,BUS_FX,,snp_wpn_1p,,,,,,,,,,,,,,,,,,,,,,,,2d,,,NONLOOPING,,,,,,,,,,,,,,,,,,,,,,,,,,,,,,,,,,,,,,,,,,,,,,,,,,,,,,,,,,,,,
wpn_t6_ak74u_mag_out,,,skye_ports\t6_ak74u\foley\wpn_t6_ak74u_mag_out.wav,,,UIN_MOD,,,,,BUS_FX,,snp_wpn_1p,,,,,,,,,,,,,,,,,,,,,,,,2d,,,NONLOOPING,,,,,,,,,,,,,,,,,,,,,,,,,,,,,,,,,,,,,,,,,,,,,,,,,,,,,,,,,,,,,

#BO2 Izhmash AN-94,,,,,,,,,,,,,,,,,,,,,,,,,,,,,,,,,,,,,,,,,,,,,,,,,,,,,,,,,,,,,,,,,,,,,,,,,,,,,,,,,,,,,,,,,,,,,,,,,,,,,
wpn_t6_an94_shot_plr,,,skye_ports\t6_an94\fire\wpn_t6_an94_shot.wav,,,UIN_MOD,,,,,BUS_FX,,snp_wpn_1p_shot,,,,80,80,,,,,,,,,,,,,,,,,,,2d,,,NONLOOPING,,,,,,,,,,,,,,,,,,,,,,,,,,,,,,,,,,,,,,,,,,,,,,,,,,,,,,,,,,,,,
wpn_t6_an94_shot_npc,,,skye_ports\t6_an94\fire\wpn_t6_an94_shot.wav,,,UIN_MOD,,,,,BUS_FX,,snp_wpn_3p,,,,80,80,0,1000,1000,,,,,,,,,,,,,,,,3d,,,NONLOOPING,,,,,,,,,,,,,,,,,,,,,,,,,,,,,,,,,,,,,,,,,,,,,,,,,,,,,,,,,,,,,
wpn_t6_an94_pap_shot_plr,,,skye_ports\t6_an94\fire\wpn_t6_an94_pap_shot.wav,,,UIN_MOD,,,,,BUS_FX,,snp_wpn_1p_shot,,,,80,80,,,,,,,,,,,,,,,,,,,2d,,,NONLOOPING,,,,,,,,,,,,,,,,,,,,,,,,,,,,,,,,,,,,,,,,,,,,,,,,,,,,,,,,,,,,,
wpn_t6_an94_pap_shot_npc,,,skye_ports\t6_an94\fire\wpn_t6_an94_pap_shot.wav,,,UIN_MOD,,,,,BUS_FX,,snp_wpn_3p,,,,80,80,0,1000,1000,,,,,,,,,,,,,,,,3d,,,NONLOOPING,,,,,,,,,,,,,,,,,,,,,,,,,,,,,,,,,,,,,,,,,,,,,,,,,,,,,,,,,,,,,
wpn_t6_an94_bolt_back,,,skye_ports\t6_an94\foley\wpn_t6_an94_bolt_back.wav,,,UIN_MOD,,,,,BUS_FX,,snp_wpn_1p,,,,,,,,,,,,,,,,,,,,,,,,2d,,,NONLOOPING,,,,,,,,,,,,,,,,,,,,,,,,,,,,,,,,,,,,,,,,,,,,,,,,,,,,,,,,,,,,,
wpn_t6_an94_bolt_forward,,,skye_ports\t6_an94\foley\wpn_t6_an94_bolt_forward.wav,,,UIN_MOD,,,,,BUS_FX,,snp_wpn_1p,,,,,,,,,,,,,,,,,,,,,,,,2d,,,NONLOOPING,,,,,,,,,,,,,,,,,,,,,,,,,,,,,,,,,,,,,,,,,,,,,,,,,,,,,,,,,,,,,
wpn_t6_an94_futz,,,skye_ports\t6_an94\foley\wpn_t6_an94_futz.wav,,,UIN_MOD,,,,,BUS_FX,,snp_wpn_1p,,,,,,,,,,,,,,,,,,,,,,,,2d,,,NONLOOPING,,,,,,,,,,,,,,,,,,,,,,,,,,,,,,,,,,,,,,,,,,,,,,,,,,,,,,,,,,,,,
wpn_t6_an94_mag_in,,,skye_ports\t6_an94\foley\wpn_t6_an94_mag_in.wav,,,UIN_MOD,,,,,BUS_FX,,snp_wpn_1p,,,,,,,,,,,,,,,,,,,,,,,,2d,,,NONLOOPING,,,,,,,,,,,,,,,,,,,,,,,,,,,,,,,,,,,,,,,,,,,,,,,,,,,,,,,,,,,,,
wpn_t6_an94_mag_out,,,skye_ports\t6_an94\foley\wpn_t6_an94_mag_out.wav,,,UIN_MOD,,,,,BUS_FX,,snp_wpn_1p,,,,,,,,,,,,,,,,,,,,,,,,2d,,,NONLOOPING,,,,,,,,,,,,,,,,,,,,,,,,,,,,,,,,,,,,,,,,,,,,,,,,,,,,,,,,,,,,,

#BO2 Beretta 2023R/93R "B23R",,,,,,,,,,,,,,,,,,,,,,,,,,,,,,,,,,,,,,,,,,,,,,,,,,,,,,,,,,,,,,,,,,,,,,,,,,,,,,,,,,,,,,,,,,,,,,,,,,,,,
wpn_t6_b23r_shot_plr,,,skye_ports\t6_b23r\fire\wpn_t6_b23r_shot.wav,,,UIN_MOD,,,,,BUS_FX,,snp_wpn_1p_shot,,,,80,80,,,,,,,,,,,,,,,,,,,2d,,,NONLOOPING,,,,,,,,,,,,,,,,,,,,,,,,,,,,,,,,,,,,,,,,,,,,,,,,,,,,,,,,,,,,,
wpn_t6_b23r_shot_npc,,,skye_ports\t6_b23r\fire\wpn_t6_b23r_shot.wav,,,UIN_MOD,,,,,BUS_FX,,snp_wpn_3p,,,,80,80,0,1000,1000,,,,,,,,,,,,,,,,3d,,,NONLOOPING,,,,,,,,,,,,,,,,,,,,,,,,,,,,,,,,,,,,,,,,,,,,,,,,,,,,,,,,,,,,,
wpn_t6_b23r_pap_shot_plr,,,skye_ports\t6_b23r\fire\wpn_t6_b23r_pap_shot.wav,,,UIN_MOD,,,,,BUS_FX,,snp_wpn_1p_shot,,,,80,80,,,,,,,,,,,,,,,,,,,2d,,,NONLOOPING,,,,,,,,,,,,,,,,,,,,,,,,,,,,,,,,,,,,,,,,,,,,,,,,,,,,,,,,,,,,,
wpn_t6_b23r_pap_shot_npc,,,skye_ports\t6_b23r\fire\wpn_t6_b23r_pap_shot.wav,,,UIN_MOD,,,,,BUS_FX,,snp_wpn_3p,,,,80,80,0,1000,1000,,,,,,,,,,,,,,,,3d,,,NONLOOPING,,,,,,,,,,,,,,,,,,,,,,,,,,,,,,,,,,,,,,,,,,,,,,,,,,,,,,,,,,,,,
wpn_t6_b23r_charge,,,skye_ports\t6_b23r\foley\wpn_t6_b23r_charge.wav,,,UIN_MOD,,,,,BUS_FX,,snp_wpn_1p,,,,,,,,,,,,,,,,,,,,,,,,2d,,,NONLOOPING,,,,,,,,,,,,,,,,,,,,,,,,,,,,,,,,,,,,,,,,,,,,,,,,,,,,,,,,,,,,,
wpn_t6_b23r_first_raise,,,skye_ports\t6_b23r\foley\wpn_t6_b23r_first_raise.wav,,,UIN_MOD,,,,,BUS_FX,,snp_wpn_1p,,,,,,,,,,,,,,,,,,,,,,,,2d,,,NONLOOPING,,,,,,,,,,,,,,,,,,,,,,,,,,,,,,,,,,,,,,,,,,,,,,,,,,,,,,,,,,,,,
wpn_t6_b23r_futz,,,skye_ports\t6_b23r\foley\wpn_t6_b23r_futz.wav,,,UIN_MOD,,,,,BUS_FX,,snp_wpn_1p,,,,,,,,,,,,,,,,,,,,,,,,2d,,,NONLOOPING,,,,,,,,,,,,,,,,,,,,,,,,,,,,,,,,,,,,,,,,,,,,,,,,,,,,,,,,,,,,,
wpn_t6_b23r_mag_in,,,skye_ports\t6_b23r\foley\wpn_t6_b23r_mag_in.wav,,,UIN_MOD,,,,,BUS_FX,,snp_wpn_1p,,,,,,,,,,,,,,,,,,,,,,,,2d,,,NONLOOPING,,,,,,,,,,,,,,,,,,,,,,,,,,,,,,,,,,,,,,,,,,,,,,,,,,,,,,,,,,,,,
wpn_t6_b23r_mag_out,,,skye_ports\t6_b23r\foley\wpn_t6_b23r_mag_out.wav,,,UIN_MOD,,,,,BUS_FX,,snp_wpn_1p,,,,,,,,,,,,,,,,,,,,,,,,2d,,,NONLOOPING,,,,,,,,,,,,,,,,,,,,,,,,,,,,,,,,,,,,,,,,,,,,,,,,,,,,,,,,,,,,,

#BO2 FN Herstal Ballista,,,,,,,,,,,,,,,,,,,,,,,,,,,,,,,,,,,,,,,,,,,,,,,,,,,,,,,,,,,,,,,,,,,,,,,,,,,,,,,,,,,,,,,,,,,,,,,,,,,,,
wpn_t6_ballista_shot_plr,,,skye_ports\t6_ballista\fire\wpn_t6_ballista_shot.wav,,,UIN_MOD,,,,,BUS_FX,,snp_wpn_1p_shot,,,,80,80,,,,,,,,,,,,,,,,,,,2d,,,NONLOOPING,,,,,,,,,,,,,,,,,,,,,,,,,,,,,,,,,,,,,,,,,,,,,,,,,,,,,,,,,,,,,
wpn_t6_ballista_shot_npc,,,skye_ports\t6_ballista\fire\wpn_t6_ballista_shot.wav,,,UIN_MOD,,,,,BUS_FX,,snp_wpn_3p,,,,80,80,0,1000,1000,,,,,,,,,,,,,,,,3d,,,NONLOOPING,,,,,,,,,,,,,,,,,,,,,,,,,,,,,,,,,,,,,,,,,,,,,,,,,,,,,,,,,,,,,
wpn_t6_ballista_pap_shot_plr,,,skye_ports\t6_ballista\fire\wpn_t6_ballista_pap_shot.wav,,,UIN_MOD,,,,,BUS_FX,,snp_wpn_1p_shot,,,,80,80,,,,,,,,,,,,,,,,,,,2d,,,NONLOOPING,,,,,,,,,,,,,,,,,,,,,,,,,,,,,,,,,,,,,,,,,,,,,,,,,,,,,,,,,,,,,
wpn_t6_ballista_pap_shot_npc,,,skye_ports\t6_ballista\fire\wpn_t6_ballista_pap_shot.wav,,,UIN_MOD,,,,,BUS_FX,,snp_wpn_3p,,,,80,80,0,1000,1000,,,,,,,,,,,,,,,,3d,,,NONLOOPING,,,,,,,,,,,,,,,,,,,,,,,,,,,,,,,,,,,,,,,,,,,,,,,,,,,,,,,,,,,,,
wpn_t6_ballista_bolt_back,,,skye_ports\t6_ballista\foley\wpn_t6_ballista_bolt_back.wav,,,UIN_MOD,,,,,BUS_FX,,snp_wpn_1p,,,,,,,,,,,,,,,,,,,,,,,,2d,,,NONLOOPING,,,,,,,,,,,,,,,,,,,,,,,,,,,,,,,,,,,,,,,,,,,,,,,,,,,,,,,,,,,,,
wpn_t6_ballista_bolt_down,,,skye_ports\t6_ballista\foley\wpn_t6_ballista_bolt_down.wav,,,UIN_MOD,,,,,BUS_FX,,snp_wpn_1p,,,,,,,,,,,,,,,,,,,,,,,,2d,,,NONLOOPING,,,,,,,,,,,,,,,,,,,,,,,,,,,,,,,,,,,,,,,,,,,,,,,,,,,,,,,,,,,,,
wpn_t6_ballista_bolt_forward,,,skye_ports\t6_ballista\foley\wpn_t6_ballista_bolt_forward.wav,,,UIN_MOD,,,,,BUS_FX,,snp_wpn_1p,,,,,,,,,,,,,,,,,,,,,,,,2d,,,NONLOOPING,,,,,,,,,,,,,,,,,,,,,,,,,,,,,,,,,,,,,,,,,,,,,,,,,,,,,,,,,,,,,
wpn_t6_ballista_bolt_up,,,skye_ports\t6_ballista\foley\wpn_t6_ballista_bolt_up.wav,,,UIN_MOD,,,,,BUS_FX,,snp_wpn_1p,,,,,,,,,,,,,,,,,,,,,,,,2d,,,NONLOOPING,,,,,,,,,,,,,,,,,,,,,,,,,,,,,,,,,,,,,,,,,,,,,,,,,,,,,,,,,,,,,
wpn_t6_ballista_futz,,,skye_ports\t6_ballista\foley\wpn_t6_ballista_futz.wav,,,UIN_MOD,,,,,BUS_FX,,snp_wpn_1p,,,,,,,,,,,,,,,,,,,,,,,,2d,,,NONLOOPING,,,,,,,,,,,,,,,,,,,,,,,,,,,,,,,,,,,,,,,,,,,,,,,,,,,,,,,,,,,,,
wpn_t6_ballista_mag_in,,,skye_ports\t6_ballista\foley\wpn_t6_ballista_mag_in.wav,,,UIN_MOD,,,,,BUS_FX,,snp_wpn_1p,,,,,,,,,,,,,,,,,,,,,,,,2d,,,NONLOOPING,,,,,,,,,,,,,,,,,,,,,,,,,,,,,,,,,,,,,,,,,,,,,,,,,,,,,,,,,,,,,
wpn_t6_ballista_mag_out,,,skye_ports\t6_ballista\foley\wpn_t6_ballista_mag_out.wav,,,UIN_MOD,,,,,BUS_FX,,snp_wpn_1p,,,,,,,,,,,,,,,,,,,,,,,,2d,,,NONLOOPING,,,,,,,,,,,,,,,,,,,,,,,,,,,,,,,,,,,,,,,,,,,,,,,,,,,,,,,,,,,,,
wpn_t6_ballista_safety_off,,,skye_ports\t6_ballista\foley\wpn_t6_ballista_safety_off.wav,,,UIN_MOD,,,,,BUS_FX,,snp_wpn_1p,,,,,,,,,,,,,,,,,,,,,,,,2d,,,NONLOOPING,,,,,,,,,,,,,,,,,,,,,,,,,,,,,,,,,,,,,,,,,,,,,,,,,,,,,,,,,,,,,
wpn_t6_ballista_stock,,,skye_ports\t6_ballista\foley\wpn_t6_ballista_stock.wav,,,UIN_MOD,,,,,BUS_FX,,snp_wpn_1p,,,,,,,,,,,,,,,,,,,,,,,,2d,,,NONLOOPING,,,,,,,,,,,,,,,,,,,,,,,,,,,,,,,,,,,,,,,,,,,,,,,,,,,,,,,,,,,,,

#BO2 Barrett M82A1 .50 Cal,,,,,,,,,,,,,,,,,,,,,,,,,,,,,,,,,,,,,,,,,,,,,,,,,,,,,,,,,,,,,,,,,,,,,,,,,,,,,,,,,,,,,,,,,,,,,,,,,,,,,
wpn_t6_m82a1_shot_plr,,,skye_ports\t6_m82a1\fire\wpn_t6_m82a1_shot.wav,,,UIN_MOD,,,,,BUS_FX,,snp_wpn_1p_shot,,,,80,80,,,,,,,,,,,,,,,,,,,2d,,,NONLOOPING,,,,,,,,,,,,,,,,,,,,,,,,,,,,,,,,,,,,,,,,,,,,,,,,,,,,,,,,,,,,,
wpn_t6_m82a1_shot_npc,,,skye_ports\t6_m82a1\fire\wpn_t6_m82a1_shot.wav,,,UIN_MOD,,,,,BUS_FX,,snp_wpn_3p,,,,80,80,0,1000,1000,,,,,,,,,,,,,,,,3d,,,NONLOOPING,,,,,,,,,,,,,,,,,,,,,,,,,,,,,,,,,,,,,,,,,,,,,,,,,,,,,,,,,,,,,
wpn_t6_m82a1_pap_shot_plr,,,skye_ports\t6_m82a1\fire\wpn_t6_m82a1_pap_shot.wav,,,UIN_MOD,,,,,BUS_FX,,snp_wpn_1p_shot,,,,80,80,,,,,,,,,,,,,,,,,,,2d,,,NONLOOPING,,,,,,,,,,,,,,,,,,,,,,,,,,,,,,,,,,,,,,,,,,,,,,,,,,,,,,,,,,,,,
wpn_t6_m82a1_pap_shot_npc,,,skye_ports\t6_m82a1\fire\wpn_t6_m82a1_pap_shot.wav,,,UIN_MOD,,,,,BUS_FX,,snp_wpn_3p,,,,80,80,0,1000,1000,,,,,,,,,,,,,,,,3d,,,NONLOOPING,,,,,,,,,,,,,,,,,,,,,,,,,,,,,,,,,,,,,,,,,,,,,,,,,,,,,,,,,,,,,
wpn_t6_m82a1_bolt_back,,,skye_ports\t6_m82a1\foley\wpn_t6_m82a1_bolt_back.wav,,,UIN_MOD,,,,,BUS_FX,,snp_wpn_1p,,,,,,,,,,,,,,,,,,,,,,,,2d,,,NONLOOPING,,,,,,,,,,,,,,,,,,,,,,,,,,,,,,,,,,,,,,,,,,,,,,,,,,,,,,,,,,,,,
wpn_t6_m82a1_bolt_forward,,,skye_ports\t6_m82a1\foley\wpn_t6_m82a1_bolt_forward.wav,,,UIN_MOD,,,,,BUS_FX,,snp_wpn_1p,,,,,,,,,,,,,,,,,,,,,,,,2d,,,NONLOOPING,,,,,,,,,,,,,,,,,,,,,,,,,,,,,,,,,,,,,,,,,,,,,,,,,,,,,,,,,,,,,
wpn_t6_m82a1_first_raise,,,skye_ports\t6_m82a1\foley\wpn_t6_m82a1_first_raise.wav,,,UIN_MOD,,,,,BUS_FX,,snp_wpn_1p,,,,,,,,,,,,,,,,,,,,,,,,2d,,,NONLOOPING,,,,,,,,,,,,,,,,,,,,,,,,,,,,,,,,,,,,,,,,,,,,,,,,,,,,,,,,,,,,,
wpn_t6_m82a1_mag_in,,,skye_ports\t6_m82a1\foley\wpn_t6_m82a1_mag_in.wav,,,UIN_MOD,,,,,BUS_FX,,snp_wpn_1p,,,,,,,,,,,,,,,,,,,,,,,,2d,,,NONLOOPING,,,,,,,,,,,,,,,,,,,,,,,,,,,,,,,,,,,,,,,,,,,,,,,,,,,,,,,,,,,,,
wpn_t6_m82a1_mag_out,,,skye_ports\t6_m82a1\foley\wpn_t6_m82a1_mag_out.wav,,,UIN_MOD,,,,,BUS_FX,,snp_wpn_1p,,,,,,,,,,,,,,,,,,,,,,,,2d,,,NONLOOPING,,,,,,,,,,,,,,,,,,,,,,,,,,,,,,,,,,,,,,,,,,,,,,,,,,,,,,,,,,,,,

#BO2 Blundergat,,,,,,,,,,,,,,,,,,,,,,,,,,,,,,,,,,,,,,,,,,,,,,,,,,,,,,,,,,,,,,,,,,,,,,,,,,,,,,,,,,,,,,,,,,,,,,,,,,,,,
wpn_t6_blundergat_shot_plr,,,skye_ports\t6_blundergat\fire\wpn_t6_blundergat_shot.wav,,,UIN_MOD,,,,,BUS_FX,,snp_wpn_1p_shot,,,,80,80,,,,,,,,,,,,,,,,,,,2d,,,NONLOOPING,,,,,,,,,,,,,,,,,,,,,,,,,,,,,,,,,,,,,,,,,,,,,,,,,,,,,,,,,,,,,
wpn_t6_blundergat_shot_npc,,,skye_ports\t6_blundergat\fire\wpn_t6_blundergat_shot.wav,,,UIN_MOD,,,,,BUS_FX,,snp_wpn_3p,,,,80,80,0,1000,1000,,,,,,,,,,,,,,,,3d,,,NONLOOPING,,,,,,,,,,,,,,,,,,,,,,,,,,,,,,,,,,,,,,,,,,,,,,,,,,,,,,,,,,,,,
wpn_t6_blundergat_pap_shot_plr,,,skye_ports\t6_blundergat\fire\wpn_t6_blundergat_pap_shot.wav,,,UIN_MOD,,,,,BUS_FX,,snp_wpn_1p_shot,,,,80,80,,,,,,,,,,,,,,,,,,,2d,,,NONLOOPING,,,,,,,,,,,,,,,,,,,,,,,,,,,,,,,,,,,,,,,,,,,,,,,,,,,,,,,,,,,,,
wpn_t6_blundergat_pap_shot_npc,,,skye_ports\t6_blundergat\fire\wpn_t6_blundergat_pap_shot.wav,,,UIN_MOD,,,,,BUS_FX,,snp_wpn_3p,,,,80,80,0,1000,1000,,,,,,,,,,,,,,,,3d,,,NONLOOPING,,,,,,,,,,,,,,,,,,,,,,,,,,,,,,,,,,,,,,,,,,,,,,,,,,,,,,,,,,,,,
wpn_t6_blundergat_close,,,skye_ports\t6_blundergat\foley\wpn_t6_blundergat_close.wav,,,UIN_MOD,,,,,BUS_FX,,snp_wpn_1p,,,,,,,,,,,,,,,,,,,,,,,,2d,,,NONLOOPING,,,,,,,,,,,,,,,,,,,,,,,,,,,,,,,,,,,,,,,,,,,,,,,,,,,,,,,,,,,,,
wpn_t6_blundergat_first_raise,,,skye_ports\t6_blundergat\foley\wpn_t6_blundergat_first_raise.wav,,,UIN_MOD,,,,,BUS_FX,,snp_wpn_1p,,,,,,,,,,,,,,,,,,,,,,,,2d,,,NONLOOPING,,,,,,,,,,,,,,,,,,,,,,,,,,,,,,,,,,,,,,,,,,,,,,,,,,,,,,,,,,,,,
wpn_t6_blundergat_insert,,,skye_ports\t6_blundergat\foley\wpn_t6_blundergat_insert.wav,,,UIN_MOD,,,,,BUS_FX,,snp_wpn_1p,,,,,,,,,,,,,,,,,,,,,,,,2d,,,NONLOOPING,,,,,,,,,,,,,,,,,,,,,,,,,,,,,,,,,,,,,,,,,,,,,,,,,,,,,,,,,,,,,
wpn_t6_blundergat_open,,,skye_ports\t6_blundergat\foley\wpn_t6_blundergat_open.wav,,,UIN_MOD,,,,,BUS_FX,,snp_wpn_1p,,,,,,,,,,,,,,,,,,,,,,,,2d,,,NONLOOPING,,,,,,,,,,,,,,,,,,,,,,,,,,,,,,,,,,,,,,,,,,,,,,,,,,,,,,,,,,,,,

#BO2 China South Industries QCW-05 "Chicom CQB",,,,,,,,,,,,,,,,,,,,,,,,,,,,,,,,,,,,,,,,,,,,,,,,,,,,,,,,,,,,,,,,,,,,,,,,,,,,,,,,,,,,,,,,,,,,,,,,,,,,,
wpn_t6_chicomcqb_shot_plr,,,skye_ports\t6_chicom_cqb\fire\wpn_t6_chicomcqb_shot.wav,,,UIN_MOD,,,,,BUS_FX,,snp_wpn_1p_shot,,,,80,80,,,,,,,,,,,,,,,,,,,2d,,,NONLOOPING,,,,,,,,,,,,,,,,,,,,,,,,,,,,,,,,,,,,,,,,,,,,,,,,,,,,,,,,,,,,,
wpn_t6_chicomcqb_shot_npc,,,skye_ports\t6_chicom_cqb\fire\wpn_t6_chicomcqb_shot.wav,,,UIN_MOD,,,,,BUS_FX,,snp_wpn_3p,,,,80,80,0,1000,1000,,,,,,,,,,,,,,,,3d,,,NONLOOPING,,,,,,,,,,,,,,,,,,,,,,,,,,,,,,,,,,,,,,,,,,,,,,,,,,,,,,,,,,,,,
wpn_t6_chicomcqb_pap_shot_plr,,,skye_ports\t6_chicom_cqb\fire\wpn_t6_chicomcqb_pap_shot.wav,,,UIN_MOD,,,,,BUS_FX,,snp_wpn_1p_shot,,,,80,80,,,,,,,,,,,,,,,,,,,2d,,,NONLOOPING,,,,,,,,,,,,,,,,,,,,,,,,,,,,,,,,,,,,,,,,,,,,,,,,,,,,,,,,,,,,,
wpn_t6_chicomcqb_pap_shot_npc,,,skye_ports\t6_chicom_cqb\fire\wpn_t6_chicomcqb_pap_shot.wav,,,UIN_MOD,,,,,BUS_FX,,snp_wpn_3p,,,,80,80,0,1000,1000,,,,,,,,,,,,,,,,3d,,,NONLOOPING,,,,,,,,,,,,,,,,,,,,,,,,,,,,,,,,,,,,,,,,,,,,,,,,,,,,,,,,,,,,,
wpn_t6_chicomcqb_bolt_back,,,skye_ports\t6_chicom_cqb\foley\wpn_t6_chicomcqb_bolt_back.wav,,,UIN_MOD,,,,,BUS_FX,,snp_wpn_1p,,,,,,,,,,,,,,,,,,,,,,,,2d,,,NONLOOPING,,,,,,,,,,,,,,,,,,,,,,,,,,,,,,,,,,,,,,,,,,,,,,,,,,,,,,,,,,,,,
wpn_t6_chicomcqb_bolt_forward,,,skye_ports\t6_chicom_cqb\foley\wpn_t6_chicomcqb_bolt_forward.wav,,,UIN_MOD,,,,,BUS_FX,,snp_wpn_1p,,,,,,,,,,,,,,,,,,,,,,,,2d,,,NONLOOPING,,,,,,,,,,,,,,,,,,,,,,,,,,,,,,,,,,,,,,,,,,,,,,,,,,,,,,,,,,,,,
wpn_t6_chicomcqb_mag_in,,,skye_ports\t6_chicom_cqb\foley\wpn_t6_chicomcqb_mag_in.wav,,,UIN_MOD,,,,,BUS_FX,,snp_wpn_1p,,,,,,,,,,,,,,,,,,,,,,,,2d,,,NONLOOPING,,,,,,,,,,,,,,,,,,,,,,,,,,,,,,,,,,,,,,,,,,,,,,,,,,,,,,,,,,,,,
wpn_t6_chicomcqb_mag_out,,,skye_ports\t6_chicom_cqb\foley\wpn_t6_chicomcqb_mag_out.wav,,,UIN_MOD,,,,,BUS_FX,,snp_wpn_1p,,,,,,,,,,,,,,,,,,,,,,,,2d,,,NONLOOPING,,,,,,,,,,,,,,,,,,,,,,,,,,,,,,,,,,,,,,,,,,,,,,,,,,,,,,,,,,,,,

#BO2 Death Machine,,,,,,,,,,,,,,,,,,,,,,,,,,,,,,,,,,,,,,,,,,,,,,,,,,,,,,,,,,,,,,,,,,,,,,,,,,,,,,,,,,,,,,,,,,,,,,,,,,,,,
wpn_t6_death_machine_fire_start_plr,,,skye_ports\t6_death_machine\fire\wpn_t6_death_machine_fire_start_plr.wav,,,UIN_MOD,,,,,BUS_FX,,,,,,80,80,,,,,,,,,,,,,,,,,,,2d,,,NONLOOPING,,,,,,,,,,,,,,,,,,,,,,,,,,,YES,,,,,,,,,,,,,,,,,,,,,,,,,,,,,,,,,,
wpn_t6_death_machine_fire_loop_plr,,,skye_ports\t6_death_machine\fire\wpn_t6_death_machine_fire_loop_plr.wav,,,UIN_MOD,,,,,BUS_FX,,,,,,80,80,,,,,,,,,,,,,,,,,,,2d,,,LOOPING,,,,,,,,,,,,,,,,,,,,,,,,,,,YES,,,,,,,,,,,,,,,,,,,,,,,,,,,,,,,,,,
wpn_t6_death_machine_fire_stop_plr,,,skye_ports\t6_death_machine\fire\wpn_t6_death_machine_fire_stop_plr.wav,,,UIN_MOD,,,,,BUS_FX,,,,,,80,80,,,,,,,,,,,,,,,,,,,2d,,,NONLOOPING,,,,,,,,,,,,,,,,,,,,,,,,,,,YES,,,,,,,,,,,,,,,,,,,,,,,,,,,,,,,,,,
wpn_t6_death_machine_fire_start_npc,,,skye_ports\t6_death_machine\fire\wpn_t6_death_machine_fire_start_plr.wav,,,UIN_MOD,,,,,BUS_FX,,,,,,80,80,0,1000,1000,,,,,,,,,,,,,,,,3d,,,NONLOOPING,,,,,,,,,,,,,,,,,,,,,,,,,,,YES,,,,,,,,,,,,,,,,,,,,,,,,,,,,,,,,,,
wpn_t6_death_machine_fire_loop_npc,,,skye_ports\t6_death_machine\fire\wpn_t6_death_machine_fire_loop_npc.wav,,,UIN_MOD,,,,,BUS_FX,,,,,,80,80,0,1000,1000,,,,,,,,,,,,,,,,3d,,,LOOPING,,,,,,,,,,,,,,,,,,,,,,,,,,,YES,,,,,,,,,,,,,,,,,,,,,,,,,,,,,,,,,,
wpn_t6_death_machine_fire_stop_npc,,,skye_ports\t6_death_machine\fire\wpn_t6_death_machine_fire_stop_npc.wav,,,UIN_MOD,,,,,BUS_FX,,,,,,80,80,0,1000,1000,,,,,,,,,,,,,,,,3d,,,NONLOOPING,,,,,,,,,,,,,,,,,,,,,,,,,,,YES,,,,,,,,,,,,,,,,,,,,,,,,,,,,,,,,,,
wpn_t6_death_machine_pap_flux_plr,,,skye_ports\t6_death_machine\fire\wpn_t6_death_machine_pap_flux.wav,,,UIN_MOD,,,,,BUS_FX,,,,,,80,80,,,,,,,,,,,,,,,,,,,3d,,,NONLOOPING,,,,,,,,,,,,,,,,,,,,,,,,,,,,,,,,,,,,,,,,,,,,,,,,,,,,,,,,,,,,,
wpn_t6_death_machine_pap_flux_npc,,,skye_ports\t6_death_machine\fire\wpn_t6_death_machine_pap_flux.wav,,,UIN_MOD,,,,,BUS_FX,,,,,,80,80,0,1000,1000,,,,,,,,,,,,,,,,3d,,,NONLOOPING,,,,,,,,,,,,,,,,,,,,,,,,,,,,,,,,,,,,,,,,,,,,,,,,,,,,,,,,,,,,,
wpn_t6_death_machine_tap,,,skye_ports\t6_death_machine\foley\wpn_t6_death_machine_tap.wav,,,UIN_MOD,,,,,BUS_FX,,,,,,,,,,,,,,,,,,,,,,,,,,2d,,,NONLOOPING,,,,,,,,,,,,,,,,,,,,,,,,,,,,,,,,,,,,,,,,,,,,,,,,,,,,,,,,,,,,,
wpn_t6_death_machine_spin,,,skye_ports\t6_death_machine\foley\wpn_t6_death_machine_spin.wav,,,UIN_MOD,,,,,BUS_FX,,,,,,,,,,,,,,,,,,,,,,,,,,2d,,,NONLOOPING,,,,,,,,,,,,,,,,,,,,,,,,,,,,,,,,,,,,,,,,,,,,,,,,,,,,,,,,,,,,,

#BO2 DSR-Presicion DSR 50,,,,,,,,,,,,,,,,,,,,,,,,,,,,,,,,,,,,,,,,,,,,,,,,,,,,,,,,,,,,,,,,,,,,,,,,,,,,,,,,,,,,,,,,,,,,,,,,,,,,,
wpn_t6_dsr50_shot_plr,,,skye_ports\t6_dsr50\fire\wpn_t6_dsr50_shot.wav,,,UIN_MOD,,,,,BUS_FX,,snp_wpn_1p_shot,,,,80,80,,,,,,,,,,,,,,,,,,,2d,,,NONLOOPING,,,,,,,,,,,,,,,,,,,,,,,,,,,,,,,,,,,,,,,,,,,,,,,,,,,,,,,,,,,,,
wpn_t6_dsr50_shot_npc,,,skye_ports\t6_dsr50\fire\wpn_t6_dsr50_shot.wav,,,UIN_MOD,,,,,BUS_FX,,snp_wpn_3p,,,,80,80,0,1000,1000,,,,,,,,,,,,,,,,3d,,,NONLOOPING,,,,,,,,,,,,,,,,,,,,,,,,,,,,,,,,,,,,,,,,,,,,,,,,,,,,,,,,,,,,,
wpn_t6_dsr50_pap_shot_plr,,,skye_ports\t6_dsr50\fire\wpn_t6_dsr50_pap_shot.wav,,,UIN_MOD,,,,,BUS_FX,,snp_wpn_1p_shot,,,,80,80,,,,,,,,,,,,,,,,,,,2d,,,NONLOOPING,,,,,,,,,,,,,,,,,,,,,,,,,,,,,,,,,,,,,,,,,,,,,,,,,,,,,,,,,,,,,
wpn_t6_dsr50_pap_shot_npc,,,skye_ports\t6_dsr50\fire\wpn_t6_dsr50_pap_shot.wav,,,UIN_MOD,,,,,BUS_FX,,snp_wpn_3p,,,,80,80,0,1000,1000,,,,,,,,,,,,,,,,3d,,,NONLOOPING,,,,,,,,,,,,,,,,,,,,,,,,,,,,,,,,,,,,,,,,,,,,,,,,,,,,,,,,,,,,,
wpn_t6_dsr50_bolt_back,,,skye_ports\t6_dsr50\foley\wpn_t6_dsr50_bolt_back.wav,,,UIN_MOD,,,,,BUS_FX,,snp_wpn_1p,,,,,,,,,,,,,,,,,,,,,,,,2d,,,NONLOOPING,,,,,,,,,,,,,,,,,,,,,,,,,,,,,,,,,,,,,,,,,,,,,,,,,,,,,,,,,,,,,
wpn_t6_dsr50_bolt_down,,,skye_ports\t6_dsr50\foley\wpn_t6_dsr50_bolt_down.wav,,,UIN_MOD,,,,,BUS_FX,,snp_wpn_1p,,,,,,,,,,,,,,,,,,,,,,,,2d,,,NONLOOPING,,,,,,,,,,,,,,,,,,,,,,,,,,,,,,,,,,,,,,,,,,,,,,,,,,,,,,,,,,,,,
wpn_t6_dsr50_bolt_forward,,,skye_ports\t6_dsr50\foley\wpn_t6_dsr50_bolt_forward.wav,,,UIN_MOD,,,,,BUS_FX,,snp_wpn_1p,,,,,,,,,,,,,,,,,,,,,,,,2d,,,NONLOOPING,,,,,,,,,,,,,,,,,,,,,,,,,,,,,,,,,,,,,,,,,,,,,,,,,,,,,,,,,,,,,
wpn_t6_dsr50_bolt_up,,,skye_ports\t6_dsr50\foley\wpn_t6_dsr50_bolt_up.wav,,,UIN_MOD,,,,,BUS_FX,,snp_wpn_1p,,,,,,,,,,,,,,,,,,,,,,,,2d,,,NONLOOPING,,,,,,,,,,,,,,,,,,,,,,,,,,,,,,,,,,,,,,,,,,,,,,,,,,,,,,,,,,,,,
wpn_t6_dsr50_first_raise,,,skye_ports\t6_dsr50\foley\wpn_t6_dsr50_first_raise.wav,,,UIN_MOD,,,,,BUS_FX,,snp_wpn_1p,,,,,,,,,,,,,,,,,,,,,,,,2d,,,NONLOOPING,,,,,,,,,,,,,,,,,,,,,,,,,,,,,,,,,,,,,,,,,,,,,,,,,,,,,,,,,,,,,
wpn_t6_dsr50_mag_in,,,skye_ports\t6_dsr50\foley\wpn_t6_dsr50_mag_in.wav,,,UIN_MOD,,,,,BUS_FX,,snp_wpn_1p,,,,,,,,,,,,,,,,,,,,,,,,2d,,,NONLOOPING,,,,,,,,,,,,,,,,,,,,,,,,,,,,,,,,,,,,,,,,,,,,,,,,,,,,,,,,,,,,,
wpn_t6_dsr50_mag_out,,,skye_ports\t6_dsr50\foley\wpn_t6_dsr50_mag_out.wav,,,UIN_MOD,,,,,BUS_FX,,snp_wpn_1p,,,,,,,,,,,,,,,,,,,,,,,,2d,,,NONLOOPING,,,,,,,,,,,,,,,,,,,,,,,,,,,,,,,,,,,,,,,,,,,,,,,,,,,,,,,,,,,,,

#BO2 Taurus Raging Judge "Executioner",,,,,,,,,,,,,,,,,,,,,,,,,,,,,,,,,,,,,,,,,,,,,,,,,,,,,,,,,,,,,,,,,,,,,,,,,,,,,,,,,,,,,,,,,,,,,,,,,,,,,
wpn_t6_executioner_shot_plr,,,skye_ports\t6_executioner\fire\wpn_t6_executioner_shot.wav,,,UIN_MOD,,,,,BUS_FX,,snp_wpn_1p_shot,,,,80,80,,,,,,,,,,,,,,,,,,,2d,,,NONLOOPING,,,,,,,,,,,,,,,,,,,,,,,,,,,,,,,,,,,,,,,,,,,,,,,,,,,,,,,,,,,,,
wpn_t6_executioner_shot_npc,,,skye_ports\t6_executioner\fire\wpn_t6_executioner_shot.wav,,,UIN_MOD,,,,,BUS_FX,,snp_wpn_3p,,,,80,80,0,1000,1000,,,,,,,,,,,,,,,,3d,,,NONLOOPING,,,,,,,,,,,,,,,,,,,,,,,,,,,,,,,,,,,,,,,,,,,,,,,,,,,,,,,,,,,,,
wpn_t6_executioner_pap_shot_plr,,,skye_ports\t6_executioner\fire\wpn_t6_executioner_pap_shot.wav,,,UIN_MOD,,,,,BUS_FX,,snp_wpn_1p_shot,,,,80,80,,,,,,,,,,,,,,,,,,,2d,,,NONLOOPING,,,,,,,,,,,,,,,,,,,,,,,,,,,,,,,,,,,,,,,,,,,,,,,,,,,,,,,,,,,,,
wpn_t6_executioner_pap_shot_npc,,,skye_ports\t6_executioner\fire\wpn_t6_executioner_pap_shot.wav,,,UIN_MOD,,,,,BUS_FX,,snp_wpn_3p,,,,80,80,0,1000,1000,,,,,,,,,,,,,,,,3d,,,NONLOOPING,,,,,,,,,,,,,,,,,,,,,,,,,,,,,,,,,,,,,,,,,,,,,,,,,,,,,,,,,,,,,
wpn_t6_executioner_close,,,skye_ports\t6_executioner\foley\wpn_t6_executioner_close.wav,,,UIN_MOD,,,,,BUS_FX,,snp_wpn_1p,,,,,,,,,,,,,,,,,,,,,,,,2d,,,NONLOOPING,,,,,,,,,,,,,,,,,,,,,,,,,,,,,,,,,,,,,,,,,,,,,,,,,,,,,,,,,,,,,
wpn_t6_executioner_open,,,skye_ports\t6_executioner\foley\wpn_t6_executioner_open.wav,,,UIN_MOD,,,,,BUS_FX,,snp_wpn_1p,,,,,,,,,,,,,,,,,,,,,,,,2d,,,NONLOOPING,,,,,,,,,,,,,,,,,,,,,,,,,,,,,,,,,,,,,,,,,,,,,,,,,,,,,,,,,,,,,
wpn_t6_executioner_shells_in,,,skye_ports\t6_executioner\foley\wpn_t6_executioner_shells_in1.wav,,,UIN_MOD,,,,,BUS_FX,,snp_wpn_1p,,,,,,,,,,,,,,,,,,,,,,,,2d,,,NONLOOPING,,,,,,,,,,,,,,,,,,,,,,,,,,,,,,,,,,,,,,,,,,,,,,,,,,,,,,,,,,,,,
wpn_t6_executioner_shells_in,,,skye_ports\t6_executioner\foley\wpn_t6_executioner_shells_in2.wav,,,UIN_MOD,,,,,BUS_FX,,snp_wpn_1p,,,,,,,,,,,,,,,,,,,,,,,,2d,,,NONLOOPING,,,,,,,,,,,,,,,,,,,,,,,,,,,,,,,,,,,,,,,,,,,,,,,,,,,,,,,,,,,,,
wpn_t6_executioner_shells_out,,,skye_ports\t6_executioner\foley\wpn_t6_executioner_shells_out.wav,,,UIN_MOD,,,,,BUS_FX,,snp_wpn_1p,,,,,,,,,,,,,,,,,,,,,,,,2d,,,NONLOOPING,,,,,,,,,,,,,,,,,,,,,,,,,,,,,,,,,,,,,,,,,,,,,,,,,,,,,,,,,,,,,

#BO2 FN Herstal FAL,,,,,,,,,,,,,,,,,,,,,,,,,,,,,,,,,,,,,,,,,,,,,,,,,,,,,,,,,,,,,,,,,,,,,,,,,,,,,,,,,,,,,,,,,,,,,,,,,,,,,
wpn_t6_fal_shot_plr,,,skye_ports\t6_fal\fire\wpn_t6_fal_shot.wav,,,UIN_MOD,,,,,BUS_FX,,snp_wpn_1p_shot,,,,80,80,,,,,,,,,,,,,,,,,,,2d,,,NONLOOPING,,,,,,,,,,,,,,,,,,,,,,,,,,,,,,,,,,,,,,,,,,,,,,,,,,,,,,,,,,,,,
wpn_t6_fal_shot_npc,,,skye_ports\t6_fal\fire\wpn_t6_fal_shot.wav,,,UIN_MOD,,,,,BUS_FX,,snp_wpn_3p,,,,80,80,0,1000,1000,,,,,,,,,,,,,,,,3d,,,NONLOOPING,,,,,,,,,,,,,,,,,,,,,,,,,,,,,,,,,,,,,,,,,,,,,,,,,,,,,,,,,,,,,
wpn_t6_fal_pap_shot_plr,,,skye_ports\t6_fal\fire\wpn_t6_fal_pap_shot.wav,,,UIN_MOD,,,,,BUS_FX,,snp_wpn_1p_shot,,,,80,80,,,,,,,,,,,,,,,,,,,2d,,,NONLOOPING,,,,,,,,,,,,,,,,,,,,,,,,,,,,,,,,,,,,,,,,,,,,,,,,,,,,,,,,,,,,,
wpn_t6_fal_pap_shot_npc,,,skye_ports\t6_fal\fire\wpn_t6_fal_pap_shot.wav,,,UIN_MOD,,,,,BUS_FX,,snp_wpn_3p,,,,80,80,0,1000,1000,,,,,,,,,,,,,,,,3d,,,NONLOOPING,,,,,,,,,,,,,,,,,,,,,,,,,,,,,,,,,,,,,,,,,,,,,,,,,,,,,,,,,,,,,
wpn_t6_fal_bolt_back,,,skye_ports\t6_fal\foley\wpn_t6_fal_bolt_back.wav,,,UIN_MOD,,,,,BUS_FX,,snp_wpn_1p,,,,,,,,,,,,,,,,,,,,,,,,2d,,,NONLOOPING,,,,,,,,,,,,,,,,,,,,,,,,,,,,,,,,,,,,,,,,,,,,,,,,,,,,,,,,,,,,,
wpn_t6_fal_bolt_forward,,,skye_ports\t6_fal\foley\wpn_t6_fal_bolt_forward.wav,,,UIN_MOD,,,,,BUS_FX,,snp_wpn_1p,,,,,,,,,,,,,,,,,,,,,,,,2d,,,NONLOOPING,,,,,,,,,,,,,,,,,,,,,,,,,,,,,,,,,,,,,,,,,,,,,,,,,,,,,,,,,,,,,
wpn_t6_fal_button,,,skye_ports\t6_fal\foley\wpn_t6_fal_button.wav,,,UIN_MOD,,,,,BUS_FX,,snp_wpn_1p,,,,,,,,,,,,,,,,,,,,,,,,2d,,,NONLOOPING,,,,,,,,,,,,,,,,,,,,,,,,,,,,,,,,,,,,,,,,,,,,,,,,,,,,,,,,,,,,,
wpn_t6_fal_mag_in,,,skye_ports\t6_fal\foley\wpn_t6_fal_mag_in.wav,,,UIN_MOD,,,,,BUS_FX,,snp_wpn_1p,,,,,,,,,,,,,,,,,,,,,,,,2d,,,NONLOOPING,,,,,,,,,,,,,,,,,,,,,,,,,,,,,,,,,,,,,,,,,,,,,,,,,,,,,,,,,,,,,
wpn_t6_fal_mag_out,,,skye_ports\t6_fal\foley\wpn_t6_fal_mag_out.wav,,,UIN_MOD,,,,,BUS_FX,,snp_wpn_1p,,,,,,,,,,,,,,,,,,,,,,,,2d,,,NONLOOPING,,,,,,,,,,,,,,,,,,,,,,,,,,,,,,,,,,,,,,,,,,,,,,,,,,,,,,,,,,,,,

#BO2 Common Sounds,,,,,,,,,,,,,,,,,,,,,,,,,,,,,,,,,,,,,,,,,,,,,,,,,,,,,,,,,,,,,,,,,,,,,,,,,,,,,,,,,,,,,,,,,,,,,,,,,,,,,
wpn_t6_grenade_explosion_plr,,,skye_ports\t6_common\wpn_t6_grenade_explosion.wav,,,UIN_MOD,,,,,BUS_FX,,snp_grenade,,,,80,80,,,,,,,,,,,,,,,,,,,2d,,,NONLOOPING,,,,,,,,,,,,,,,,,,,,,,,,,,,,,,,,,,,,,,,,,,,,,,,,,,,,,,,,,,,,,
wpn_t6_grenade_explosion_npc,,,skye_ports\t6_common\wpn_t6_grenade_explosion.wav,,,UIN_MOD,,,,,BUS_FX,,snp_grenade,,,,80,80,0,1000,1000,,,,,,,,,,,,,,,,3d,,,NONLOOPING,,,,,,,,,,,,,,,,,,,,,,,,,,,,,,,,,,,,,,,,,,,,,,,,,,,,,,,,,,,,,
wpn_t6_rocket_explosion_plr,,,skye_ports\t6_common\wpn_t6_rocket_explosion.wav,,,UIN_MOD,,,,,BUS_FX,,snp_grenade,,,,80,80,,,,,,,,,,,,,,,,,,,2d,,,NONLOOPING,,,,,,,,,,,,,,,,,,,,,,,,,,,,,,,,,,,,,,,,,,,,,,,,,,,,,,,,,,,,,
wpn_t6_rocket_explosion_npc,,,skye_ports\t6_common\wpn_t6_rocket_explosion.wav,,,UIN_MOD,,,,,BUS_FX,,snp_grenade,,,,80,80,0,1000,1000,,,,,,,,,,,,,,,,3d,,,NONLOOPING,,,,,,,,,,,,,,,,,,,,,,,,,,,,,,,,,,,,,,,,,,,,,,,,,,,,,,,,,,,,,
wpn_t6_gl_shot_plr,,,skye_ports\t6_common\wpn_t6_gl_shot.wav,,,UIN_MOD,,,,,BUS_FX,,snp_wpn_1p_shot,,,,80,80,,,,,,,,,,,,,,,,,,,2d,,,NONLOOPING,,,,,,,,,,,,,,,,,,,,,,,,,,,,,,,,,,,,,,,,,,,,,,,,,,,,,,,,,,,,,
wpn_t6_gl_shot_npc,,,skye_ports\t6_common\wpn_t6_gl_shot.wav,,,UIN_MOD,,,,,BUS_FX,,snp_wpn_3p,,,,80,80,0,1000,1000,,,,,,,,,,,,,,,,3d,,,NONLOOPING,,,,,,,,,,,,,,,,,,,,,,,,,,,,,,,,,,,,,,,,,,,,,,,,,,,,,,,,,,,,,
wpn_t6_gl_close,,,skye_ports\t6_common\wpn_t6_gl_close.wav,,,UIN_MOD,,,,,BUS_FX,,snp_wpn_1p,,,,,,,,,,,,,,,,,,,,,,,,2d,,,NONLOOPING,,,,,,,,,,,,,,,,,,,,,,,,,,,,,,,,,,,,,,,,,,,,,,,,,,,,,,,,,,,,,
wpn_t6_gl_open,,,skye_ports\t6_common\wpn_t6_gl_open.wav,,,UIN_MOD,,,,,BUS_FX,,snp_wpn_1p,,,,,,,,,,,,,,,,,,,,,,,,2d,,,NONLOOPING,,,,,,,,,,,,,,,,,,,,,,,,,,,,,,,,,,,,,,,,,,,,,,,,,,,,,,,,,,,,,
wpn_t6_gl_shell_in,,,skye_ports\t6_common\wpn_t6_gl_shell_in.wav,,,UIN_MOD,,,,,BUS_FX,,snp_wpn_1p,,,,,,,,,,,,,,,,,,,,,,,,2d,,,NONLOOPING,,,,,,,,,,,,,,,,,,,,,,,,,,,,,,,,,,,,,,,,,,,,,,,,,,,,,,,,,,,,,
wpn_t6_gl_shell_out,,,skye_ports\t6_common\wpn_t6_gl_shell_out.wav,,,UIN_MOD,,,,,BUS_FX,,snp_wpn_1p,,,,,,,,,,,,,,,,,,,,,,,,2d,,,NONLOOPING,,,,,,,,,,,,,,,,,,,,,,,,,,,,,,,,,,,,,,,,,,,,,,,,,,,,,,,,,,,,,

#BO2 FN Herstal Five-Seven,,,,,,,,,,,,,,,,,,,,,,,,,,,,,,,,,,,,,,,,,,,,,,,,,,,,,,,,,,,,,,,,,,,,,,,,,,,,,,,,,,,,,,,,,,,,,,,,,,,,,
wpn_t6_fiveseven_shot_plr,,,skye_ports\t6_fiveseven\fire\wpn_t6_fiveseven_shot.wav,,,UIN_MOD,,,,,BUS_FX,,snp_wpn_1p_shot,,,,80,80,,,,,,,,,,,,,,,,,,,2d,,,NONLOOPING,,,,,,,,,,,,,,,,,,,,,,,,,,,,,,,,,,,,,,,,,,,,,,,,,,,,,,,,,,,,,
wpn_t6_fiveseven_shot_npc,,,skye_ports\t6_fiveseven\fire\wpn_t6_fiveseven_shot.wav,,,UIN_MOD,,,,,BUS_FX,,snp_wpn_3p,,,,80,80,0,1000,1000,,,,,,,,,,,,,,,,3d,,,NONLOOPING,,,,,,,,,,,,,,,,,,,,,,,,,,,,,,,,,,,,,,,,,,,,,,,,,,,,,,,,,,,,,
wpn_t6_fiveseven_pap_shot_plr,,,skye_ports\t6_fiveseven\fire\wpn_t6_fiveseven_pap_shot.wav,,,UIN_MOD,,,,,BUS_FX,,snp_wpn_1p_shot,,,,80,80,,,,,,,,,,,,,,,,,,,2d,,,NONLOOPING,,,,,,,,,,,,,,,,,,,,,,,,,,,,,,,,,,,,,,,,,,,,,,,,,,,,,,,,,,,,,
wpn_t6_fiveseven_pap_shot_npc,,,skye_ports\t6_fiveseven\fire\wpn_t6_fiveseven_pap_shot.wav,,,UIN_MOD,,,,,BUS_FX,,snp_wpn_3p,,,,80,80,0,1000,1000,,,,,,,,,,,,,,,,3d,,,NONLOOPING,,,,,,,,,,,,,,,,,,,,,,,,,,,,,,,,,,,,,,,,,,,,,,,,,,,,,,,,,,,,,
wpn_t6_fiveseven_charge,,,skye_ports\t6_fiveseven\foley\wpn_t6_fiveseven_charge.wav,,,UIN_MOD,,,,,BUS_FX,,snp_wpn_1p,,,,,,,,,,,,,,,,,,,,,,,,2d,,,NONLOOPING,,,,,,,,,,,,,,,,,,,,,,,,,,,,,,,,,,,,,,,,,,,,,,,,,,,,,,,,,,,,,
wpn_t6_fiveseven_mag_in,,,skye_ports\t6_fiveseven\foley\wpn_t6_fiveseven_mag_in.wav,,,UIN_MOD,,,,,BUS_FX,,snp_wpn_1p,,,,,,,,,,,,,,,,,,,,,,,,2d,,,NONLOOPING,,,,,,,,,,,,,,,,,,,,,,,,,,,,,,,,,,,,,,,,,,,,,,,,,,,,,,,,,,,,,
wpn_t6_fiveseven_mag_out,,,skye_ports\t6_fiveseven\foley\wpn_t6_fiveseven_mag_out.wav,,,UIN_MOD,,,,,BUS_FX,,snp_wpn_1p,,,,,,,,,,,,,,,,,,,,,,,,2d,,,NONLOOPING,,,,,,,,,,,,,,,,,,,,,,,,,,,,,,,,,,,,,,,,,,,,,,,,,,,,,,,,,,,,,

#BO2 IMI Galil AR,,,,,,,,,,,,,,,,,,,,,,,,,,,,,,,,,,,,,,,,,,,,,,,,,,,,,,,,,,,,,,,,,,,,,,,,,,,,,,,,,,,,,,,,,,,,,,,,,,,,,
wpn_t6_galil_shot_plr,,,skye_ports\t6_galil\fire\wpn_t6_galil_shot.wav,,,UIN_MOD,,,,,BUS_FX,,snp_wpn_1p_shot,,,,80,80,,,,,,,,,,,,,,,,,,,2d,,,NONLOOPING,,,,,,,,,,,,,,,,,,,,,,,,,,,,,,,,,,,,,,,,,,,,,,,,,,,,,,,,,,,,,
wpn_t6_galil_shot_npc,,,skye_ports\t6_galil\fire\wpn_t6_galil_shot.wav,,,UIN_MOD,,,,,BUS_FX,,snp_wpn_3p,,,,80,80,0,1000,1000,,,,,,,,,,,,,,,,3d,,,NONLOOPING,,,,,,,,,,,,,,,,,,,,,,,,,,,,,,,,,,,,,,,,,,,,,,,,,,,,,,,,,,,,,
wpn_t6_galil_pap_shot_plr,,,skye_ports\t6_galil\fire\wpn_t6_galil_pap_shot.wav,,,UIN_MOD,,,,,BUS_FX,,snp_wpn_1p_shot,,,,80,80,,,,,,,,,,,,,,,,,,,2d,,,NONLOOPING,,,,,,,,,,,,,,,,,,,,,,,,,,,,,,,,,,,,,,,,,,,,,,,,,,,,,,,,,,,,,
wpn_t6_galil_pap_shot_npc,,,skye_ports\t6_galil\fire\wpn_t6_galil_pap_shot.wav,,,UIN_MOD,,,,,BUS_FX,,snp_wpn_3p,,,,80,80,0,1000,1000,,,,,,,,,,,,,,,,3d,,,NONLOOPING,,,,,,,,,,,,,,,,,,,,,,,,,,,,,,,,,,,,,,,,,,,,,,,,,,,,,,,,,,,,,
wpn_t6_galil_bolt_back,,,skye_ports\t6_galil\foley\wpn_t6_galil_bolt_back.wav,,,UIN_MOD,,,,,BUS_FX,,snp_wpn_1p,,,,,,,,,,,,,,,,,,,,,,,,2d,,,NONLOOPING,,,,,,,,,,,,,,,,,,,,,,,,,,,,,,,,,,,,,,,,,,,,,,,,,,,,,,,,,,,,,
wpn_t6_galil_bolt_forward,,,skye_ports\t6_galil\foley\wpn_t6_galil_bolt_forward.wav,,,UIN_MOD,,,,,BUS_FX,,snp_wpn_1p,,,,,,,,,,,,,,,,,,,,,,,,2d,,,NONLOOPING,,,,,,,,,,,,,,,,,,,,,,,,,,,,,,,,,,,,,,,,,,,,,,,,,,,,,,,,,,,,,
wpn_t6_galil_futz,,,skye_ports\t6_galil\foley\wpn_t6_galil_futz.wav,,,UIN_MOD,,,,,BUS_FX,,snp_wpn_1p,,,,,,,,,,,,,,,,,,,,,,,,2d,,,NONLOOPING,,,,,,,,,,,,,,,,,,,,,,,,,,,,,,,,,,,,,,,,,,,,,,,,,,,,,,,,,,,,,
wpn_t6_galil_mag_in,,,skye_ports\t6_galil\foley\wpn_t6_galil_mag_in.wav,,,UIN_MOD,,,,,BUS_FX,,snp_wpn_1p,,,,,,,,,,,,,,,,,,,,,,,,2d,,,NONLOOPING,,,,,,,,,,,,,,,,,,,,,,,,,,,,,,,,,,,,,,,,,,,,,,,,,,,,,,,,,,,,,
wpn_t6_galil_mag_out,,,skye_ports\t6_galil\foley\wpn_t6_galil_mag_out.wav,,,UIN_MOD,,,,,BUS_FX,,snp_wpn_1p,,,,,,,,,,,,,,,,,,,,,,,,2d,,,NONLOOPING,,,,,,,,,,,,,,,,,,,,,,,,,,,,,,,,,,,,,,,,,,,,,,,,,,,,,,,,,,,,,

#BO2 FN Herstal HAMR IAR,,,,,,,,,,,,,,,,,,,,,,,,,,,,,,,,,,,,,,,,,,,,,,,,,,,,,,,,,,,,,,,,,,,,,,,,,,,,,,,,,,,,,,,,,,,,,,,,,,,,,
wpn_t6_hamr_shot_plr,,,skye_ports\t6_hamr\fire\wpn_t6_hamr_shot.wav,,,UIN_MOD,,,,,BUS_FX,,snp_wpn_1p_shot,,,,80,80,,,,,,,,,,,,,,,,,,,2d,,,NONLOOPING,,,,,,,,,,,,,,,,,,,,,,,,,,,,,,,,,,,,,,,,,,,,,,,,,,,,,,,,,,,,,
wpn_t6_hamr_shot_npc,,,skye_ports\t6_hamr\fire\wpn_t6_hamr_shot.wav,,,UIN_MOD,,,,,BUS_FX,,snp_wpn_3p,,,,80,80,0,1000,1000,,,,,,,,,,,,,,,,3d,,,NONLOOPING,,,,,,,,,,,,,,,,,,,,,,,,,,,,,,,,,,,,,,,,,,,,,,,,,,,,,,,,,,,,,
wpn_t6_hamr_pap_shot_plr,,,skye_ports\t6_hamr\fire\wpn_t6_hamr_pap_shot.wav,,,UIN_MOD,,,,,BUS_FX,,snp_wpn_1p_shot,,,,80,80,,,,,,,,,,,,,,,,,,,2d,,,NONLOOPING,,,,,,,,,,,,,,,,,,,,,,,,,,,,,,,,,,,,,,,,,,,,,,,,,,,,,,,,,,,,,
wpn_t6_hamr_pap_shot_npc,,,skye_ports\t6_hamr\fire\wpn_t6_hamr_pap_shot.wav,,,UIN_MOD,,,,,BUS_FX,,snp_wpn_3p,,,,80,80,0,1000,1000,,,,,,,,,,,,,,,,3d,,,NONLOOPING,,,,,,,,,,,,,,,,,,,,,,,,,,,,,,,,,,,,,,,,,,,,,,,,,,,,,,,,,,,,,
wpn_t6_hamr_bolt_back,,,skye_ports\t6_hamr\foley\wpn_t6_hamr_bolt_back.wav,,,UIN_MOD,,,,,BUS_FX,,snp_wpn_1p,,,,,,,,,,,,,,,,,,,,,,,,2d,,,NONLOOPING,,,,,,,,,,,,,,,,,,,,,,,,,,,,,,,,,,,,,,,,,,,,,,,,,,,,,,,,,,,,,
wpn_t6_hamr_bolt_forward,,,skye_ports\t6_hamr\foley\wpn_t6_hamr_bolt_forward.wav,,,UIN_MOD,,,,,BUS_FX,,snp_wpn_1p,,,,,,,,,,,,,,,,,,,,,,,,2d,,,NONLOOPING,,,,,,,,,,,,,,,,,,,,,,,,,,,,,,,,,,,,,,,,,,,,,,,,,,,,,,,,,,,,,
wpn_t6_hamr_hit,,,skye_ports\t6_hamr\foley\wpn_t6_hamr_hit.wav,,,UIN_MOD,,,,,BUS_FX,,snp_wpn_1p,,,,,,,,,,,,,,,,,,,,,,,,2d,,,NONLOOPING,,,,,,,,,,,,,,,,,,,,,,,,,,,,,,,,,,,,,,,,,,,,,,,,,,,,,,,,,,,,,
wpn_t6_hamr_mag_in,,,skye_ports\t6_hamr\foley\wpn_t6_hamr_mag_in.wav,,,UIN_MOD,,,,,BUS_FX,,snp_wpn_1p,,,,,,,,,,,,,,,,,,,,,,,,2d,,,NONLOOPING,,,,,,,,,,,,,,,,,,,,,,,,,,,,,,,,,,,,,,,,,,,,,,,,,,,,,,,,,,,,,
wpn_t6_hamr_mag_out,,,skye_ports\t6_hamr\foley\wpn_t6_hamr_mag_out.wav,,,UIN_MOD,,,,,BUS_FX,,snp_wpn_1p,,,,,,,,,,,,,,,,,,,,,,,,2d,,,NONLOOPING,,,,,,,,,,,,,,,,,,,,,,,,,,,,,,,,,,,,,,,,,,,,,,,,,,,,,,,,,,,,,
wpn_t6_hamr_mag_release,,,skye_ports\t6_hamr\foley\wpn_t6_hamr_mag_release.wav,,,UIN_MOD,,,,,BUS_FX,,snp_wpn_1p,,,,,,,,,,,,,,,,,,,,,,,,2d,,,NONLOOPING,,,,,,,,,,,,,,,,,,,,,,,,,,,,,,,,,,,,,,,,,,,,,,,,,,,,,,,,,,,,,

#BO2 TDI/KRISS KARD "KAP-40",,,,,,,,,,,,,,,,,,,,,,,,,,,,,,,,,,,,,,,,,,,,,,,,,,,,,,,,,,,,,,,,,,,,,,,,,,,,,,,,,,,,,,,,,,,,,,,,,,,,,
wpn_t6_kap40_shot_plr,,,skye_ports\t6_kap40\fire\wpn_t6_kap40_shot.wav,,,UIN_MOD,,,,,BUS_FX,,snp_wpn_1p_shot,,,,80,80,,,,,,,,,,,,,,,,,,,2d,,,NONLOOPING,,,,,,,,,,,,,,,,,,,,,,,,,,,,,,,,,,,,,,,,,,,,,,,,,,,,,,,,,,,,,
wpn_t6_kap40_shot_npc,,,skye_ports\t6_kap40\fire\wpn_t6_kap40_shot.wav,,,UIN_MOD,,,,,BUS_FX,,snp_wpn_3p,,,,80,80,0,1000,1000,,,,,,,,,,,,,,,,3d,,,NONLOOPING,,,,,,,,,,,,,,,,,,,,,,,,,,,,,,,,,,,,,,,,,,,,,,,,,,,,,,,,,,,,,
wpn_t6_kap40_pap_shot_plr,,,skye_ports\t6_kap40\fire\wpn_t6_kap40_pap_shot.wav,,,UIN_MOD,,,,,BUS_FX,,snp_wpn_1p_shot,,,,80,80,,,,,,,,,,,,,,,,,,,2d,,,NONLOOPING,,,,,,,,,,,,,,,,,,,,,,,,,,,,,,,,,,,,,,,,,,,,,,,,,,,,,,,,,,,,,
wpn_t6_kap40_pap_shot_npc,,,skye_ports\t6_kap40\fire\wpn_t6_kap40_pap_shot.wav,,,UIN_MOD,,,,,BUS_FX,,snp_wpn_3p,,,,80,80,0,1000,1000,,,,,,,,,,,,,,,,3d,,,NONLOOPING,,,,,,,,,,,,,,,,,,,,,,,,,,,,,,,,,,,,,,,,,,,,,,,,,,,,,,,,,,,,,
wpn_t6_kap40_bolt_back,,,skye_ports\t6_kap40\foley\wpn_t6_kap40_bolt_back.wav,,,UIN_MOD,,,,,BUS_FX,,snp_wpn_1p,,,,,,,,,,,,,,,,,,,,,,,,2d,,,NONLOOPING,,,,,,,,,,,,,,,,,,,,,,,,,,,,,,,,,,,,,,,,,,,,,,,,,,,,,,,,,,,,,
wpn_t6_kap40_bolt_forward,,,skye_ports\t6_kap40\foley\wpn_t6_kap40_bolt_forward.wav,,,UIN_MOD,,,,,BUS_FX,,snp_wpn_1p,,,,,,,,,,,,,,,,,,,,,,,,2d,,,NONLOOPING,,,,,,,,,,,,,,,,,,,,,,,,,,,,,,,,,,,,,,,,,,,,,,,,,,,,,,,,,,,,,
wpn_t6_kap40_mag_in,,,skye_ports\t6_kap40\foley\wpn_t6_kap40_mag_in.wav,,,UIN_MOD,,,,,BUS_FX,,snp_wpn_1p,,,,,,,,,,,,,,,,,,,,,,,,2d,,,NONLOOPING,,,,,,,,,,,,,,,,,,,,,,,,,,,,,,,,,,,,,,,,,,,,,,,,,,,,,,,,,,,,,
wpn_t6_kap40_mag_out,,,skye_ports\t6_kap40\foley\wpn_t6_kap40_mag_out.wav,,,UIN_MOD,,,,,BUS_FX,,snp_wpn_1p,,,,,,,,,,,,,,,,,,,,,,,,2d,,,NONLOOPING,,,,,,,,,,,,,,,,,,,,,,,,,,,,,,,,,,,,,,,,,,,,,,,,,,,,,,,,,,,,,

#BO2 Kel-Tec KSG,,,,,,,,,,,,,,,,,,,,,,,,,,,,,,,,,,,,,,,,,,,,,,,,,,,,,,,,,,,,,,,,,,,,,,,,,,,,,,,,,,,,,,,,,,,,,,,,,,,,,
wpn_t6_ksg_shot_plr,,,skye_ports\t6_ksg\fire\wpn_t6_ksg_shot.wav,,,UIN_MOD,,,,,BUS_FX,,snp_wpn_1p_shot,,,,80,80,,,,,,,,,,,,,,,,,,,2d,,,NONLOOPING,,,,,,,,,,,,,,,,,,,,,,,,,,,,,,,,,,,,,,,,,,,,,,,,,,,,,,,,,,,,,
wpn_t6_ksg_shot_npc,,,skye_ports\t6_ksg\fire\wpn_t6_ksg_shot.wav,,,UIN_MOD,,,,,BUS_FX,,snp_wpn_3p,,,,80,80,0,1000,1000,,,,,,,,,,,,,,,,3d,,,NONLOOPING,,,,,,,,,,,,,,,,,,,,,,,,,,,,,,,,,,,,,,,,,,,,,,,,,,,,,,,,,,,,,
wpn_t6_ksg_pap_shot_plr,,,skye_ports\t6_ksg\fire\wpn_t6_ksg_pap_shot.wav,,,UIN_MOD,,,,,BUS_FX,,snp_wpn_1p_shot,,,,80,80,,,,,,,,,,,,,,,,,,,2d,,,NONLOOPING,,,,,,,,,,,,,,,,,,,,,,,,,,,,,,,,,,,,,,,,,,,,,,,,,,,,,,,,,,,,,
wpn_t6_ksg_pap_shot_npc,,,skye_ports\t6_ksg\fire\wpn_t6_ksg_pap_shot.wav,,,UIN_MOD,,,,,BUS_FX,,snp_wpn_3p,,,,80,80,0,1000,1000,,,,,,,,,,,,,,,,3d,,,NONLOOPING,,,,,,,,,,,,,,,,,,,,,,,,,,,,,,,,,,,,,,,,,,,,,,,,,,,,,,,,,,,,,
wpn_t6_ksg_pump_back,,,skye_ports\t6_ksg\foley\wpn_t6_ksg_pump_back.wav,,,UIN_MOD,,,,,BUS_FX,,snp_wpn_1p,,,,,,,,,,,,,,,,,,,,,,,,2d,,,NONLOOPING,,,,,,,,,,,,,,,,,,,,,,,,,,,,,,,,,,,,,,,,,,,,,,,,,,,,,,,,,,,,,
wpn_t6_ksg_pump_forward,,,skye_ports\t6_ksg\foley\wpn_t6_ksg_pump_forward.wav,,,UIN_MOD,,,,,BUS_FX,,snp_wpn_1p,,,,,,,,,,,,,,,,,,,,,,,,2d,,,NONLOOPING,,,,,,,,,,,,,,,,,,,,,,,,,,,,,,,,,,,,,,,,,,,,,,,,,,,,,,,,,,,,,
wpn_t6_ksg_shell_in,,,skye_ports\t6_ksg\foley\wpn_t6_ksg_shell_in1.wav,,,UIN_MOD,,,,,BUS_FX,,snp_wpn_1p,,,,,,,,,,,,,,,,,,,,,,,,2d,,,NONLOOPING,,,,,,,,,,,,,,,,,,,,,,,,,,,,,,,,,,,,,,,,,,,,,,,,,,,,,,,,,,,,,
wpn_t6_ksg_shell_in,,,skye_ports\t6_ksg\foley\wpn_t6_ksg_shell_in2.wav,,,UIN_MOD,,,,,BUS_FX,,snp_wpn_1p,,,,,,,,,,,,,,,,,,,,,,,,2d,,,NONLOOPING,,,,,,,,,,,,,,,,,,,,,,,,,,,,,,,,,,,,,,,,,,,,,,,,,,,,,,,,,,,,,
wpn_t6_ksg_shell_in,,,skye_ports\t6_ksg\foley\wpn_t6_ksg_shell_in3.wav,,,UIN_MOD,,,,,BUS_FX,,snp_wpn_1p,,,,,,,,,,,,,,,,,,,,,,,,2d,,,NONLOOPING,,,,,,,,,,,,,,,,,,,,,,,,,,,,,,,,,,,,,,,,,,,,,,,,,,,,,,,,,,,,,
wpn_t6_ksg_shell_in,,,skye_ports\t6_ksg\foley\wpn_t6_ksg_shell_in4.wav,,,UIN_MOD,,,,,BUS_FX,,snp_wpn_1p,,,,,,,,,,,,,,,,,,,,,,,,2d,,,NONLOOPING,,,,,,,,,,,,,,,,,,,,,,,,,,,,,,,,,,,,,,,,,,,,,,,,,,,,,,,,,,,,,
wpn_t6_ksg_shell_in,,,skye_ports\t6_ksg\foley\wpn_t6_ksg_shell_in5.wav,,,UIN_MOD,,,,,BUS_FX,,snp_wpn_1p,,,,,,,,,,,,,,,,,,,,,,,,2d,,,NONLOOPING,,,,,,,,,,,,,,,,,,,,,,,,,,,,,,,,,,,,,,,,,,,,,,,,,,,,,,,,,,,,,
wpn_t6_ksg_shell_in,,,skye_ports\t6_ksg\foley\wpn_t6_ksg_shell_in6.wav,,,UIN_MOD,,,,,BUS_FX,,snp_wpn_1p,,,,,,,,,,,,,,,,,,,,,,,,2d,,,NONLOOPING,,,,,,,,,,,,,,,,,,,,,,,,,,,,,,,,,,,,,,,,,,,,,,,,,,,,,,,,,,,,,

#BO2 AAI Corp LSAT,,,,,,,,,,,,,,,,,,,,,,,,,,,,,,,,,,,,,,,,,,,,,,,,,,,,,,,,,,,,,,,,,,,,,,,,,,,,,,,,,,,,,,,,,,,,,,,,,,,,,
wpn_t6_lsat_shot_plr,,,skye_ports\t6_lsat\fire\wpn_t6_lsat_shot.wav,,,UIN_MOD,,,,,BUS_FX,,snp_wpn_1p_shot,,,,80,80,,,,,,,,,,,,,,,,,,,2d,,,NONLOOPING,,,,,,,,,,,,,,,,,,,,,,,,,,,,,,,,,,,,,,,,,,,,,,,,,,,,,,,,,,,,,
wpn_t6_lsat_shot_npc,,,skye_ports\t6_lsat\fire\wpn_t6_lsat_shot.wav,,,UIN_MOD,,,,,BUS_FX,,snp_wpn_3p,,,,80,80,0,1000,1000,,,,,,,,,,,,,,,,3d,,,NONLOOPING,,,,,,,,,,,,,,,,,,,,,,,,,,,,,,,,,,,,,,,,,,,,,,,,,,,,,,,,,,,,,
wpn_t6_lsat_pap_shot_plr,,,skye_ports\t6_lsat\fire\wpn_t6_lsat_pap_shot.wav,,,UIN_MOD,,,,,BUS_FX,,snp_wpn_1p_shot,,,,80,80,,,,,,,,,,,,,,,,,,,2d,,,NONLOOPING,,,,,,,,,,,,,,,,,,,,,,,,,,,,,,,,,,,,,,,,,,,,,,,,,,,,,,,,,,,,,
wpn_t6_lsat_pap_shot_npc,,,skye_ports\t6_lsat\fire\wpn_t6_lsat_pap_shot.wav,,,UIN_MOD,,,,,BUS_FX,,snp_wpn_3p,,,,80,80,0,1000,1000,,,,,,,,,,,,,,,,3d,,,NONLOOPING,,,,,,,,,,,,,,,,,,,,,,,,,,,,,,,,,,,,,,,,,,,,,,,,,,,,,,,,,,,,,
wpn_t6_lsat_bolt_back,,,skye_ports\t6_lsat\foley\wpn_t6_lsat_bolt_back.wav,,,UIN_MOD,,,,,BUS_FX,,snp_wpn_1p,,,,,,,,,,,,,,,,,,,,,,,,2d,,,NONLOOPING,,,,,,,,,,,,,,,,,,,,,,,,,,,,,,,,,,,,,,,,,,,,,,,,,,,,,,,,,,,,,
wpn_t6_lsat_bolt_forward,,,skye_ports\t6_lsat\foley\wpn_t6_lsat_bolt_forward.wav,,,UIN_MOD,,,,,BUS_FX,,snp_wpn_1p,,,,,,,,,,,,,,,,,,,,,,,,2d,,,NONLOOPING,,,,,,,,,,,,,,,,,,,,,,,,,,,,,,,,,,,,,,,,,,,,,,,,,,,,,,,,,,,,,
wpn_t6_lsat_close,,,skye_ports\t6_lsat\foley\wpn_t6_lsat_close.wav,,,UIN_MOD,,,,,BUS_FX,,snp_wpn_1p,,,,,,,,,,,,,,,,,,,,,,,,2d,,,NONLOOPING,,,,,,,,,,,,,,,,,,,,,,,,,,,,,,,,,,,,,,,,,,,,,,,,,,,,,,,,,,,,,
wpn_t6_lsat_futz,,,skye_ports\t6_lsat\foley\wpn_t6_lsat_futz.wav,,,UIN_MOD,,,,,BUS_FX,,snp_wpn_1p,,,,,,,,,,,,,,,,,,,,,,,,2d,,,NONLOOPING,,,,,,,,,,,,,,,,,,,,,,,,,,,,,,,,,,,,,,,,,,,,,,,,,,,,,,,,,,,,,
wpn_t6_lsat_lift_belt,,,skye_ports\t6_lsat\foley\wpn_t6_lsat_lift_belt.wav,,,UIN_MOD,,,,,BUS_FX,,snp_wpn_1p,,,,,,,,,,,,,,,,,,,,,,,,2d,,,NONLOOPING,,,,,,,,,,,,,,,,,,,,,,,,,,,,,,,,,,,,,,,,,,,,,,,,,,,,,,,,,,,,,
wpn_t6_lsat_mag_off,,,skye_ports\t6_lsat\foley\wpn_t6_lsat_mag_off.wav,,,UIN_MOD,,,,,BUS_FX,,snp_wpn_1p,,,,,,,,,,,,,,,,,,,,,,,,2d,,,NONLOOPING,,,,,,,,,,,,,,,,,,,,,,,,,,,,,,,,,,,,,,,,,,,,,,,,,,,,,,,,,,,,,
wpn_t6_lsat_mag_on,,,skye_ports\t6_lsat\foley\wpn_t6_lsat_mag_on.wav,,,UIN_MOD,,,,,BUS_FX,,snp_wpn_1p,,,,,,,,,,,,,,,,,,,,,,,,2d,,,NONLOOPING,,,,,,,,,,,,,,,,,,,,,,,,,,,,,,,,,,,,,,,,,,,,,,,,,,,,,,,,,,,,,
wpn_t6_lsat_open,,,skye_ports\t6_lsat\foley\wpn_t6_lsat_open.wav,,,UIN_MOD,,,,,BUS_FX,,snp_wpn_1p,,,,,,,,,,,,,,,,,,,,,,,,2d,,,NONLOOPING,,,,,,,,,,,,,,,,,,,,,,,,,,,,,,,,,,,,,,,,,,,,,,,,,,,,,,,,,,,,,
wpn_t6_lsat_place_belt,,,skye_ports\t6_lsat\foley\wpn_t6_lsat_place_belt.wav,,,UIN_MOD,,,,,BUS_FX,,snp_wpn_1p,,,,,,,,,,,,,,,,,,,,,,,,2d,,,NONLOOPING,,,,,,,,,,,,,,,,,,,,,,,,,,,,,,,,,,,,,,,,,,,,,,,,,,,,,,,,,,,,,
wpn_t6_lsat_start,,,skye_ports\t6_lsat\foley\wpn_t6_lsat_start.wav,,,UIN_MOD,,,,,BUS_FX,,snp_wpn_1p,,,,,,,,,,,,,,,,,,,,,,,,2d,,,NONLOOPING,,,,,,,,,,,,,,,,,,,,,,,,,,,,,,,,,,,,,,,,,,,,,,,,,,,,,,,,,,,,,

#BO2 H&K XM8 "M8A1",,,,,,,,,,,,,,,,,,,,,,,,,,,,,,,,,,,,,,,,,,,,,,,,,,,,,,,,,,,,,,,,,,,,,,,,,,,,,,,,,,,,,,,,,,,,,,,,,,,,,
wpn_t6_m8a1_shot_plr,,,skye_ports\t6_m8a1\fire\wpn_t6_m8a1_shot.wav,,,UIN_MOD,,,,,BUS_FX,,snp_wpn_1p_shot,,,,80,80,,,,,,,,,,,,,,,,,,,2d,,,NONLOOPING,,,,,,,,,,,,,,,,,,,,,,,,,,,,,,,,,,,,,,,,,,,,,,,,,,,,,,,,,,,,,
wpn_t6_m8a1_shot_npc,,,skye_ports\t6_m8a1\fire\wpn_t6_m8a1_shot.wav,,,UIN_MOD,,,,,BUS_FX,,snp_wpn_3p,,,,80,80,0,1000,1000,,,,,,,,,,,,,,,,3d,,,NONLOOPING,,,,,,,,,,,,,,,,,,,,,,,,,,,,,,,,,,,,,,,,,,,,,,,,,,,,,,,,,,,,,
wpn_t6_m8a1_pap_shot_plr,,,skye_ports\t6_m8a1\fire\wpn_t6_m8a1_pap_shot.wav,,,UIN_MOD,,,,,BUS_FX,,snp_wpn_1p_shot,,,,80,80,,,,,,,,,,,,,,,,,,,2d,,,NONLOOPING,,,,,,,,,,,,,,,,,,,,,,,,,,,,,,,,,,,,,,,,,,,,,,,,,,,,,,,,,,,,,
wpn_t6_m8a1_pap_shot_npc,,,skye_ports\t6_m8a1\fire\wpn_t6_m8a1_pap_shot.wav,,,UIN_MOD,,,,,BUS_FX,,snp_wpn_3p,,,,80,80,0,1000,1000,,,,,,,,,,,,,,,,3d,,,NONLOOPING,,,,,,,,,,,,,,,,,,,,,,,,,,,,,,,,,,,,,,,,,,,,,,,,,,,,,,,,,,,,,
wpn_t6_m8a1_bolt_back,,,skye_ports\t6_m8a1\foley\wpn_t6_m8a1_bolt_back.wav,,,UIN_MOD,,,,,BUS_FX,,snp_wpn_1p,,,,,,,,,,,,,,,,,,,,,,,,2d,,,NONLOOPING,,,,,,,,,,,,,,,,,,,,,,,,,,,,,,,,,,,,,,,,,,,,,,,,,,,,,,,,,,,,,
wpn_t6_m8a1_bolt_forward,,,skye_ports\t6_m8a1\foley\wpn_t6_m8a1_bolt_forward.wav,,,UIN_MOD,,,,,BUS_FX,,snp_wpn_1p,,,,,,,,,,,,,,,,,,,,,,,,2d,,,NONLOOPING,,,,,,,,,,,,,,,,,,,,,,,,,,,,,,,,,,,,,,,,,,,,,,,,,,,,,,,,,,,,,
wpn_t6_m8a1_charge,,,skye_ports\t6_m8a1\foley\wpn_t6_m8a1_charge.wav,,,UIN_MOD,,,,,BUS_FX,,snp_wpn_1p,,,,,,,,,,,,,,,,,,,,,,,,2d,,,NONLOOPING,,,,,,,,,,,,,,,,,,,,,,,,,,,,,,,,,,,,,,,,,,,,,,,,,,,,,,,,,,,,,
wpn_t6_m8a1_mag_in,,,skye_ports\t6_m8a1\foley\wpn_t6_m8a1_mag_in.wav,,,UIN_MOD,,,,,BUS_FX,,snp_wpn_1p,,,,,,,,,,,,,,,,,,,,,,,,2d,,,NONLOOPING,,,,,,,,,,,,,,,,,,,,,,,,,,,,,,,,,,,,,,,,,,,,,,,,,,,,,,,,,,,,,
wpn_t6_m8a1_mag_out,,,skye_ports\t6_m8a1\foley\wpn_t6_m8a1_mag_out.wav,,,UIN_MOD,,,,,BUS_FX,,snp_wpn_1p,,,,,,,,,,,,,,,,,,,,,,,,2d,,,NONLOOPING,,,,,,,,,,,,,,,,,,,,,,,,,,,,,,,,,,,,,,,,,,,,,,,,,,,,,,,,,,,,,

#BO2 Springfield M14,,,,,,,,,,,,,,,,,,,,,,,,,,,,,,,,,,,,,,,,,,,,,,,,,,,,,,,,,,,,,,,,,,,,,,,,,,,,,,,,,,,,,,,,,,,,,,,,,,,,,
wpn_t6_m14_shot_plr,,,skye_ports\t6_m14\fire\wpn_t6_m14_shot.wav,,,UIN_MOD,,,,,BUS_FX,,snp_wpn_1p_shot,,,,80,80,,,,,,,,,,,,,,,,,,,2d,,,NONLOOPING,,,,,,,,,,,,,,,,,,,,,,,,,,,,,,,,,,,,,,,,,,,,,,,,,,,,,,,,,,,,,
wpn_t6_m14_shot_npc,,,skye_ports\t6_m14\fire\wpn_t6_m14_shot.wav,,,UIN_MOD,,,,,BUS_FX,,snp_wpn_3p,,,,80,80,0,1000,1000,,,,,,,,,,,,,,,,3d,,,NONLOOPING,,,,,,,,,,,,,,,,,,,,,,,,,,,,,,,,,,,,,,,,,,,,,,,,,,,,,,,,,,,,,
wpn_t6_m14_pap_shot_plr,,,skye_ports\t6_m14\fire\wpn_t6_m14_pap_shot.wav,,,UIN_MOD,,,,,BUS_FX,,snp_wpn_1p_shot,,,,80,80,,,,,,,,,,,,,,,,,,,2d,,,NONLOOPING,,,,,,,,,,,,,,,,,,,,,,,,,,,,,,,,,,,,,,,,,,,,,,,,,,,,,,,,,,,,,
wpn_t6_m14_pap_shot_npc,,,skye_ports\t6_m14\fire\wpn_t6_m14_pap_shot.wav,,,UIN_MOD,,,,,BUS_FX,,snp_wpn_3p,,,,80,80,0,1000,1000,,,,,,,,,,,,,,,,3d,,,NONLOOPING,,,,,,,,,,,,,,,,,,,,,,,,,,,,,,,,,,,,,,,,,,,,,,,,,,,,,,,,,,,,,
wpn_t6_m14_bolt_back,,,skye_ports\t6_m14\foley\wpn_t6_m14_bolt_back.wav,,,UIN_MOD,,,,,BUS_FX,,snp_wpn_1p,,,,,,,,,,,,,,,,,,,,,,,,2d,,,NONLOOPING,,,,,,,,,,,,,,,,,,,,,,,,,,,,,,,,,,,,,,,,,,,,,,,,,,,,,,,,,,,,,
wpn_t6_m14_bolt_forward,,,skye_ports\t6_m14\foley\wpn_t6_m14_bolt_forward.wav,,,UIN_MOD,,,,,BUS_FX,,snp_wpn_1p,,,,,,,,,,,,,,,,,,,,,,,,2d,,,NONLOOPING,,,,,,,,,,,,,,,,,,,,,,,,,,,,,,,,,,,,,,,,,,,,,,,,,,,,,,,,,,,,,
wpn_t6_m14_futz,,,skye_ports\t6_m14\foley\wpn_t6_m14_futz.wav,,,UIN_MOD,,,,,BUS_FX,,snp_wpn_1p,,,,,,,,,,,,,,,,,,,,,,,,2d,,,NONLOOPING,,,,,,,,,,,,,,,,,,,,,,,,,,,,,,,,,,,,,,,,,,,,,,,,,,,,,,,,,,,,,
wpn_t6_m14_mag_in,,,skye_ports\t6_m14\foley\wpn_t6_m14_mag_in.wav,,,UIN_MOD,,,,,BUS_FX,,snp_wpn_1p,,,,,,,,,,,,,,,,,,,,,,,,2d,,,NONLOOPING,,,,,,,,,,,,,,,,,,,,,,,,,,,,,,,,,,,,,,,,,,,,,,,,,,,,,,,,,,,,,
wpn_t6_m14_mag_out,,,skye_ports\t6_m14\foley\wpn_t6_m14_mag_out.wav,,,UIN_MOD,,,,,BUS_FX,,snp_wpn_1p,,,,,,,,,,,,,,,,,,,,,,,,2d,,,NONLOOPING,,,,,,,,,,,,,,,,,,,,,,,,,,,,,,,,,,,,,,,,,,,,,,,,,,,,,,,,,,,,,
wpn_t6_m14_tap,,,skye_ports\t6_m14\foley\wpn_t6_m14_tap.wav,,,UIN_MOD,,,,,BUS_FX,,snp_wpn_1p,,,,,,,,,,,,,,,,,,,,,,,,2d,,,NONLOOPING,,,,,,,,,,,,,,,,,,,,,,,,,,,,,,,,,,,,,,,,,,,,,,,,,,,,,,,,,,,,,

#BO2 Colt M16A1,,,,,,,,,,,,,,,,,,,,,,,,,,,,,,,,,,,,,,,,,,,,,,,,,,,,,,,,,,,,,,,,,,,,,,,,,,,,,,,,,,,,,,,,,,,,,,,,,,,,,
wpn_t6_m16a1_shot_plr,,,skye_ports\t6_m16a1\fire\wpn_t6_m16a1_shot.wav,,,UIN_MOD,,,,,BUS_FX,,snp_wpn_1p_shot,,,,80,80,,,,,,,,,,,,,,,,,,,2d,,,NONLOOPING,,,,,,,,,,,,,,,,,,,,,,,,,,,,,,,,,,,,,,,,,,,,,,,,,,,,,,,,,,,,,
wpn_t6_m16a1_shot_npc,,,skye_ports\t6_m16a1\fire\wpn_t6_m16a1_shot.wav,,,UIN_MOD,,,,,BUS_FX,,snp_wpn_3p,,,,80,80,0,1000,1000,,,,,,,,,,,,,,,,3d,,,NONLOOPING,,,,,,,,,,,,,,,,,,,,,,,,,,,,,,,,,,,,,,,,,,,,,,,,,,,,,,,,,,,,,
wpn_t6_m16a1_pap_shot_plr,,,skye_ports\t6_m16a1\fire\wpn_t6_m16a1_pap_shot.wav,,,UIN_MOD,,,,,BUS_FX,,snp_wpn_1p_shot,,,,80,80,,,,,,,,,,,,,,,,,,,2d,,,NONLOOPING,,,,,,,,,,,,,,,,,,,,,,,,,,,,,,,,,,,,,,,,,,,,,,,,,,,,,,,,,,,,,
wpn_t6_m16a1_pap_shot_npc,,,skye_ports\t6_m16a1\fire\wpn_t6_m16a1_pap_shot.wav,,,UIN_MOD,,,,,BUS_FX,,snp_wpn_3p,,,,80,80,0,1000,1000,,,,,,,,,,,,,,,,3d,,,NONLOOPING,,,,,,,,,,,,,,,,,,,,,,,,,,,,,,,,,,,,,,,,,,,,,,,,,,,,,,,,,,,,,
wpn_t6_m16a1_bolt_back,,,skye_ports\t6_m16a1\foley\wpn_t6_m16a1_bolt_back.wav,,,UIN_MOD,,,,,BUS_FX,,snp_wpn_1p,,,,,,,,,,,,,,,,,,,,,,,,2d,,,NONLOOPING,,,,,,,,,,,,,,,,,,,,,,,,,,,,,,,,,,,,,,,,,,,,,,,,,,,,,,,,,,,,,
wpn_t6_m16a1_bolt_forward,,,skye_ports\t6_m16a1\foley\wpn_t6_m16a1_bolt_forward.wav,,,UIN_MOD,,,,,BUS_FX,,snp_wpn_1p,,,,,,,,,,,,,,,,,,,,,,,,2d,,,NONLOOPING,,,,,,,,,,,,,,,,,,,,,,,,,,,,,,,,,,,,,,,,,,,,,,,,,,,,,,,,,,,,,
wpn_t6_m16a1_charge,,,skye_ports\t6_m16a1\foley\wpn_t6_m16a1_charge.wav,,,UIN_MOD,,,,,BUS_FX,,snp_wpn_1p,,,,,,,,,,,,,,,,,,,,,,,,2d,,,NONLOOPING,,,,,,,,,,,,,,,,,,,,,,,,,,,,,,,,,,,,,,,,,,,,,,,,,,,,,,,,,,,,,
wpn_t6_m16a1_futz,,,skye_ports\t6_m16a1\foley\wpn_t6_m16a1_futz.wav,,,UIN_MOD,,,,,BUS_FX,,snp_wpn_1p,,,,,,,,,,,,,,,,,,,,,,,,2d,,,NONLOOPING,,,,,,,,,,,,,,,,,,,,,,,,,,,,,,,,,,,,,,,,,,,,,,,,,,,,,,,,,,,,,
wpn_t6_m16a1_mag_in,,,skye_ports\t6_m16a1\foley\wpn_t6_m16a1_mag_in.wav,,,UIN_MOD,,,,,BUS_FX,,snp_wpn_1p,,,,,,,,,,,,,,,,,,,,,,,,2d,,,NONLOOPING,,,,,,,,,,,,,,,,,,,,,,,,,,,,,,,,,,,,,,,,,,,,,,,,,,,,,,,,,,,,,
wpn_t6_m16a1_mag_out,,,skye_ports\t6_m16a1\foley\wpn_t6_m16a1_mag_out.wav,,,UIN_MOD,,,,,BUS_FX,,snp_wpn_1p,,,,,,,,,,,,,,,,,,,,,,,,2d,,,NONLOOPING,,,,,,,,,,,,,,,,,,,,,,,,,,,,,,,,,,,,,,,,,,,,,,,,,,,,,,,,,,,,,

#BO2 H&K HK416 "M27",,,,,,,,,,,,,,,,,,,,,,,,,,,,,,,,,,,,,,,,,,,,,,,,,,,,,,,,,,,,,,,,,,,,,,,,,,,,,,,,,,,,,,,,,,,,,,,,,,,,,
wpn_t6_m27_shot_plr,,,skye_ports\t6_m27\fire\wpn_t6_m27_shot.wav,,,UIN_MOD,,,,,BUS_FX,,snp_wpn_1p_shot,,,,80,80,,,,,,,,,,,,,,,,,,,2d,,,NONLOOPING,,,,,,,,,,,,,,,,,,,,,,,,,,,,,,,,,,,,,,,,,,,,,,,,,,,,,,,,,,,,,
wpn_t6_m27_shot_npc,,,skye_ports\t6_m27\fire\wpn_t6_m27_shot.wav,,,UIN_MOD,,,,,BUS_FX,,snp_wpn_3p,,,,80,80,0,1000,1000,,,,,,,,,,,,,,,,3d,,,NONLOOPING,,,,,,,,,,,,,,,,,,,,,,,,,,,,,,,,,,,,,,,,,,,,,,,,,,,,,,,,,,,,,
wpn_t6_m27_pap_shot_plr,,,skye_ports\t6_m27\fire\wpn_t6_m27_pap_shot.wav,,,UIN_MOD,,,,,BUS_FX,,snp_wpn_1p_shot,,,,80,80,,,,,,,,,,,,,,,,,,,2d,,,NONLOOPING,,,,,,,,,,,,,,,,,,,,,,,,,,,,,,,,,,,,,,,,,,,,,,,,,,,,,,,,,,,,,
wpn_t6_m27_pap_shot_npc,,,skye_ports\t6_m27\fire\wpn_t6_m27_pap_shot.wav,,,UIN_MOD,,,,,BUS_FX,,snp_wpn_3p,,,,80,80,0,1000,1000,,,,,,,,,,,,,,,,3d,,,NONLOOPING,,,,,,,,,,,,,,,,,,,,,,,,,,,,,,,,,,,,,,,,,,,,,,,,,,,,,,,,,,,,,
wpn_t6_m27_bolt_back,,,skye_ports\t6_m27\foley\wpn_t6_m27_bolt_back.wav,,,UIN_MOD,,,,,BUS_FX,,snp_wpn_1p,,,,,,,,,,,,,,,,,,,,,,,,2d,,,NONLOOPING,,,,,,,,,,,,,,,,,,,,,,,,,,,,,,,,,,,,,,,,,,,,,,,,,,,,,,,,,,,,,
wpn_t6_m27_bolt_forward,,,skye_ports\t6_m27\foley\wpn_t6_m27_bolt_forward.wav,,,UIN_MOD,,,,,BUS_FX,,snp_wpn_1p,,,,,,,,,,,,,,,,,,,,,,,,2d,,,NONLOOPING,,,,,,,,,,,,,,,,,,,,,,,,,,,,,,,,,,,,,,,,,,,,,,,,,,,,,,,,,,,,,
wpn_t6_m27_charge,,,skye_ports\t6_m27\foley\wpn_t6_m27_charge.wav,,,UIN_MOD,,,,,BUS_FX,,snp_wpn_1p,,,,,,,,,,,,,,,,,,,,,,,,2d,,,NONLOOPING,,,,,,,,,,,,,,,,,,,,,,,,,,,,,,,,,,,,,,,,,,,,,,,,,,,,,,,,,,,,,
wpn_t6_m27_mag_in,,,skye_ports\t6_m27\foley\wpn_t6_m27_mag_in.wav,,,UIN_MOD,,,,,BUS_FX,,snp_wpn_1p,,,,,,,,,,,,,,,,,,,,,,,,2d,,,NONLOOPING,,,,,,,,,,,,,,,,,,,,,,,,,,,,,,,,,,,,,,,,,,,,,,,,,,,,,,,,,,,,,
wpn_t6_m27_mag_out,,,skye_ports\t6_m27\foley\wpn_t6_m27_mag_out.wav,,,UIN_MOD,,,,,BUS_FX,,snp_wpn_1p,,,,,,,,,,,,,,,,,,,,,,,,2d,,,NONLOOPING,,,,,,,,,,,,,,,,,,,,,,,,,,,,,,,,,,,,,,,,,,,,,,,,,,,,,,,,,,,,,

#BO2 SRM Arms M1216,,,,,,,,,,,,,,,,,,,,,,,,,,,,,,,,,,,,,,,,,,,,,,,,,,,,,,,,,,,,,,,,,,,,,,,,,,,,,,,,,,,,,,,,,,,,,,,,,,,,,
wpn_t6_m1216_shot_plr,,,skye_ports\t6_m1216\fire\wpn_t6_m1216_shot.wav,,,UIN_MOD,,,,,BUS_FX,,snp_wpn_1p_shot,,,,80,80,,,,,,,,,,,,,,,,,,,2d,,,NONLOOPING,,,,,,,,,,,,,,,,,,,,,,,,,,,,,,,,,,,,,,,,,,,,,,,,,,,,,,,,,,,,,
wpn_t6_m1216_shot_npc,,,skye_ports\t6_m1216\fire\wpn_t6_m1216_shot.wav,,,UIN_MOD,,,,,BUS_FX,,snp_wpn_3p,,,,80,80,0,1000,1000,,,,,,,,,,,,,,,,3d,,,NONLOOPING,,,,,,,,,,,,,,,,,,,,,,,,,,,,,,,,,,,,,,,,,,,,,,,,,,,,,,,,,,,,,
wpn_t6_m1216_pap_shot_plr,,,skye_ports\t6_m1216\fire\wpn_t6_m1216_pap_shot.wav,,,UIN_MOD,,,,,BUS_FX,,snp_wpn_1p_shot,,,,80,80,,,,,,,,,,,,,,,,,,,2d,,,NONLOOPING,,,,,,,,,,,,,,,,,,,,,,,,,,,,,,,,,,,,,,,,,,,,,,,,,,,,,,,,,,,,,
wpn_t6_m1216_pap_shot_npc,,,skye_ports\t6_m1216\fire\wpn_t6_m1216_pap_shot.wav,,,UIN_MOD,,,,,BUS_FX,,snp_wpn_3p,,,,80,80,0,1000,1000,,,,,,,,,,,,,,,,3d,,,NONLOOPING,,,,,,,,,,,,,,,,,,,,,,,,,,,,,,,,,,,,,,,,,,,,,,,,,,,,,,,,,,,,,
wpn_t6_m1216_bolt_back,,,skye_ports\t6_m1216\foley\wpn_t6_m1216_bolt_back.wav,,,UIN_MOD,,,,,BUS_FX,,snp_wpn_1p,,,,,,,,,,,,,,,,,,,,,,,,2d,,,NONLOOPING,,,,,,,,,,,,,,,,,,,,,,,,,,,,,,,,,,,,,,,,,,,,,,,,,,,,,,,,,,,,,
wpn_t6_m1216_bolt_forward,,,skye_ports\t6_m1216\foley\wpn_t6_m1216_bolt_forward.wav,,,UIN_MOD,,,,,BUS_FX,,snp_wpn_1p,,,,,,,,,,,,,,,,,,,,,,,,2d,,,NONLOOPING,,,,,,,,,,,,,,,,,,,,,,,,,,,,,,,,,,,,,,,,,,,,,,,,,,,,,,,,,,,,,
wpn_t6_m1216_mag_out,,,skye_ports\t6_m1216\foley\wpn_t6_m1216_mag_out.wav,,,UIN_MOD,,,,,BUS_FX,,snp_wpn_1p,,,,,,,,,,,,,,,,,,,,,,,,2d,,,NONLOOPING,,,,,,,,,,,,,,,,,,,,,,,,,,,,,,,,,,,,,,,,,,,,,,,,,,,,,,,,,,,,,
wpn_t6_m1216_mag_in,,,skye_ports\t6_m1216\foley\wpn_t6_m1216_mag_in.wav,,,UIN_MOD,,,,,BUS_FX,,snp_wpn_1p,,,,,,,,,,,,,,,,,,,,,,,,2d,,,NONLOOPING,,,,,,,,,,,,,,,,,,,,,,,,,,,,,,,,,,,,,,,,,,,,,,,,,,,,,,,,,,,,,
wpn_t6_m1216_rotate,,,skye_ports\t6_m1216\foley\wpn_t6_m1216_rotate.wav,,,UIN_MOD,,,,,BUS_FX,,snp_wpn_1p,,,,,,,,,,,,,,,,,,,,,,,,2d,,,NONLOOPING,,,,,,,,,,,,,,,,,,,,,,,,,,,,,,,,,,,,,,,,,,,,,,,,,,,,,,,,,,,,,

#BO2 Colt M1911,,,,,,,,,,,,,,,,,,,,,,,,,,,,,,,,,,,,,,,,,,,,,,,,,,,,,,,,,,,,,,,,,,,,,,,,,,,,,,,,,,,,,,,,,,,,,,,,,,,,,
wpn_t6_m1911_shot_plr,,,skye_ports\t6_m1911\fire\wpn_t6_m1911_shot.wav,,,UIN_MOD,,,,,BUS_FX,,snp_wpn_1p_shot,,,,80,80,,,,,,,,,,,,,,,,,,,2d,,,NONLOOPING,,,,,,,,,,,,,,,,,,,,,,,,,,,,,,,,,,,,,,,,,,,,,,,,,,,,,,,,,,,,,
wpn_t6_m1911_shot_npc,,,skye_ports\t6_m1911\fire\wpn_t6_m1911_shot.wav,,,UIN_MOD,,,,,BUS_FX,,snp_wpn_3p,,,,80,80,0,1000,1000,,,,,,,,,,,,,,,,3d,,,NONLOOPING,,,,,,,,,,,,,,,,,,,,,,,,,,,,,,,,,,,,,,,,,,,,,,,,,,,,,,,,,,,,,
wpn_t6_m1911_pap_shot_plr,,,skye_ports\t6_m1911\fire\wpn_t6_m1911_pap_shot.wav,,,UIN_MOD,,,,,BUS_FX,,snp_wpn_1p_shot,,,,80,80,,,,,,,,,,,,,,,,,,,2d,,,NONLOOPING,,,,,,,,,,,,,,,,,,,,,,,,,,,,,,,,,,,,,,,,,,,,,,,,,,,,,,,,,,,,,
wpn_t6_m1911_pap_shot_npc,,,skye_ports\t6_m1911\fire\wpn_t6_m1911_pap_shot.wav,,,UIN_MOD,,,,,BUS_FX,,snp_wpn_3p,,,,80,80,0,1000,1000,,,,,,,,,,,,,,,,3d,,,NONLOOPING,,,,,,,,,,,,,,,,,,,,,,,,,,,,,,,,,,,,,,,,,,,,,,,,,,,,,,,,,,,,,
wpn_t6_m1911_hammer,,,skye_ports\t6_m1911\foley\wpn_t6_m1911_hammer.wav,,,UIN_MOD,,,,,BUS_FX,,snp_wpn_1p,,,,,,,,,,,,,,,,,,,,,,,,2d,,,NONLOOPING,,,,,,,,,,,,,,,,,,,,,,,,,,,,,,,,,,,,,,,,,,,,,,,,,,,,,,,,,,,,,
wpn_t6_m1911_mag_out,,,skye_ports\t6_m1911\foley\wpn_t6_m1911_mag_out.wav,,,UIN_MOD,,,,,BUS_FX,,snp_wpn_1p,,,,,,,,,,,,,,,,,,,,,,,,2d,,,NONLOOPING,,,,,,,,,,,,,,,,,,,,,,,,,,,,,,,,,,,,,,,,,,,,,,,,,,,,,,,,,,,,,
wpn_t6_m1911_mag_in,,,skye_ports\t6_m1911\foley\wpn_t6_m1911_mag_in.wav,,,UIN_MOD,,,,,BUS_FX,,snp_wpn_1p,,,,,,,,,,,,,,,,,,,,,,,,2d,,,NONLOOPING,,,,,,,,,,,,,,,,,,,,,,,,,,,,,,,,,,,,,,,,,,,,,,,,,,,,,,,,,,,,,
wpn_t6_m1911_slide_back,,,skye_ports\t6_m1911\foley\wpn_t6_m1911_slide_back.wav,,,UIN_MOD,,,,,BUS_FX,,snp_wpn_1p,,,,,,,,,,,,,,,,,,,,,,,,2d,,,NONLOOPING,,,,,,,,,,,,,,,,,,,,,,,,,,,,,,,,,,,,,,,,,,,,,,,,,,,,,,,,,,,,,
wpn_t6_m1911_slide_forward,,,skye_ports\t6_m1911\foley\wpn_t6_m1911_slide_forward.wav,,,UIN_MOD,,,,,BUS_FX,,snp_wpn_1p,,,,,,,,,,,,,,,,,,,,,,,,2d,,,NONLOOPING,,,,,,,,,,,,,,,,,,,,,,,,,,,,,,,,,,,,,,,,,,,,,,,,,,,,,,,,,,,,,

#BO2 Auto Ordinance Corp. M1927 Thompson,,,,,,,,,,,,,,,,,,,,,,,,,,,,,,,,,,,,,,,,,,,,,,,,,,,,,,,,,,,,,,,,,,,,,,,,,,,,,,,,,,,,,,,,,,,,,,,,,,,,,
wpn_t6_m1927_shot_plr,,,skye_ports\t6_m1927\fire\wpn_t6_m1927_shot.wav,,,UIN_MOD,,,,,BUS_FX,,snp_wpn_1p_shot,,,,80,80,,,,,,,,,,,,,,,,,,,2d,,,NONLOOPING,,,,,,,,,,,,,,,,,,,,,,,,,,,,,,,,,,,,,,,,,,,,,,,,,,,,,,,,,,,,,
wpn_t6_m1927_shot_npc,,,skye_ports\t6_m1927\fire\wpn_t6_m1927_shot.wav,,,UIN_MOD,,,,,BUS_FX,,snp_wpn_3p,,,,80,80,0,1000,1000,,,,,,,,,,,,,,,,3d,,,NONLOOPING,,,,,,,,,,,,,,,,,,,,,,,,,,,,,,,,,,,,,,,,,,,,,,,,,,,,,,,,,,,,,
wpn_t6_m1927_pap_shot_plr,,,skye_ports\t6_m1927\fire\wpn_t6_m1927_pap_shot.wav,,,UIN_MOD,,,,,BUS_FX,,snp_wpn_1p_shot,,,,80,80,,,,,,,,,,,,,,,,,,,2d,,,NONLOOPING,,,,,,,,,,,,,,,,,,,,,,,,,,,,,,,,,,,,,,,,,,,,,,,,,,,,,,,,,,,,,
wpn_t6_m1927_pap_shot_npc,,,skye_ports\t6_m1927\fire\wpn_t6_m1927_pap_shot.wav,,,UIN_MOD,,,,,BUS_FX,,snp_wpn_3p,,,,80,80,0,1000,1000,,,,,,,,,,,,,,,,3d,,,NONLOOPING,,,,,,,,,,,,,,,,,,,,,,,,,,,,,,,,,,,,,,,,,,,,,,,,,,,,,,,,,,,,,
wpn_t6_m1927_bolt_back,,,skye_ports\t6_m1927\foley\wpn_t6_m1927_bolt_back.wav,,,UIN_MOD,,,,,BUS_FX,,snp_wpn_1p,,,,,,,,,,,,,,,,,,,,,,,,2d,,,NONLOOPING,,,,,,,,,,,,,,,,,,,,,,,,,,,,,,,,,,,,,,,,,,,,,,,,,,,,,,,,,,,,,
wpn_t6_m1927_bolt_forward,,,skye_ports\t6_m1927\foley\wpn_t6_m1927_bolt_forward.wav,,,UIN_MOD,,,,,BUS_FX,,snp_wpn_1p,,,,,,,,,,,,,,,,,,,,,,,,2d,,,NONLOOPING,,,,,,,,,,,,,,,,,,,,,,,,,,,,,,,,,,,,,,,,,,,,,,,,,,,,,,,,,,,,,
wpn_t6_m1927_mag_out,,,skye_ports\t6_m1927\foley\wpn_t6_m1927_mag_out.wav,,,UIN_MOD,,,,,BUS_FX,,snp_wpn_1p,,,,,,,,,,,,,,,,,,,,,,,,2d,,,NONLOOPING,,,,,,,,,,,,,,,,,,,,,,,,,,,,,,,,,,,,,,,,,,,,,,,,,,,,,,,,,,,,,
wpn_t6_m1927_mag_in,,,skye_ports\t6_m1927\foley\wpn_t6_m1927_mag_in.wav,,,UIN_MOD,,,,,BUS_FX,,snp_wpn_1p,,,,,,,,,,,,,,,,,,,,,,,,2d,,,NONLOOPING,,,,,,,,,,,,,,,,,,,,,,,,,,,,,,,,,,,,,,,,,,,,,,,,,,,,,,,,,,,,,

#BO2 Mauser C96,,,,,,,,,,,,,,,,,,,,,,,,,,,,,,,,,,,,,,,,,,,,,,,,,,,,,,,,,,,,,,,,,,,,,,,,,,,,,,,,,,,,,,,,,,,,,,,,,,,,,
wpn_t6_mauserc96_shot_plr,,,skye_ports\t6_mauser_c96\fire\wpn_t6_mauserc96_shot.wav,,,UIN_MOD,,,,,BUS_FX,,snp_wpn_1p_shot,,,,80,80,,,,,,,,,,,,,,,,,,,2d,,,NONLOOPING,,,,,,,,,,,,,,,,,,,,,,,,,,,,,,,,,,,,,,,,,,,,,,,,,,,,,,,,,,,,,
wpn_t6_mauserc96_shot_npc,,,skye_ports\t6_mauser_c96\fire\wpn_t6_mauserc96_shot.wav,,,UIN_MOD,,,,,BUS_FX,,snp_wpn_3p,,,,80,80,0,1000,1000,,,,,,,,,,,,,,,,3d,,,NONLOOPING,,,,,,,,,,,,,,,,,,,,,,,,,,,,,,,,,,,,,,,,,,,,,,,,,,,,,,,,,,,,,
wpn_t6_mauserc96_pap_shot_plr,,,skye_ports\t6_mauser_c96\fire\wpn_t6_mauserc96_pap_shot1.wav,,,UIN_MOD,,,,,BUS_FX,,snp_wpn_1p_shot,,,,80,80,,,,,,,,,,,,,,,,,,,2d,,,NONLOOPING,,,,,,,,,,,,,,,,,,,,,,,,,,,,,,,,,,,,,,,,,,,,,,,,,,,,,,,,,,,,,
wpn_t6_mauserc96_pap_shot_plr,,,skye_ports\t6_mauser_c96\fire\wpn_t6_mauserc96_pap_shot2.wav,,,UIN_MOD,,,,,BUS_FX,,snp_wpn_1p_shot,,,,80,80,,,,,,,,,,,,,,,,,,,2d,,,NONLOOPING,,,,,,,,,,,,,,,,,,,,,,,,,,,,,,,,,,,,,,,,,,,,,,,,,,,,,,,,,,,,,
wpn_t6_mauserc96_pap_shot_plr,,,skye_ports\t6_mauser_c96\fire\wpn_t6_mauserc96_pap_shot3.wav,,,UIN_MOD,,,,,BUS_FX,,snp_wpn_1p_shot,,,,80,80,,,,,,,,,,,,,,,,,,,2d,,,NONLOOPING,,,,,,,,,,,,,,,,,,,,,,,,,,,,,,,,,,,,,,,,,,,,,,,,,,,,,,,,,,,,,
wpn_t6_mauserc96_pap_shot_npc,,,skye_ports\t6_mauser_c96\fire\wpn_t6_mauserc96_pap_shot1.wav,,,UIN_MOD,,,,,BUS_FX,,snp_wpn_3p,,,,80,80,0,1000,1000,,,,,,,,,,,,,,,,3d,,,NONLOOPING,,,,,,,,,,,,,,,,,,,,,,,,,,,,,,,,,,,,,,,,,,,,,,,,,,,,,,,,,,,,,
wpn_t6_mauserc96_pap_shot_npc,,,skye_ports\t6_mauser_c96\fire\wpn_t6_mauserc96_pap_shot2.wav,,,UIN_MOD,,,,,BUS_FX,,snp_wpn_3p,,,,80,80,0,1000,1000,,,,,,,,,,,,,,,,3d,,,NONLOOPING,,,,,,,,,,,,,,,,,,,,,,,,,,,,,,,,,,,,,,,,,,,,,,,,,,,,,,,,,,,,,
wpn_t6_mauserc96_pap_shot_npc,,,skye_ports\t6_mauser_c96\fire\wpn_t6_mauserc96_pap_shot3.wav,,,UIN_MOD,,,,,BUS_FX,,snp_wpn_3p,,,,80,80,0,1000,1000,,,,,,,,,,,,,,,,3d,,,NONLOOPING,,,,,,,,,,,,,,,,,,,,,,,,,,,,,,,,,,,,,,,,,,,,,,,,,,,,,,,,,,,,,
wpn_t6_mauserc96_pap_shot_impact,,,skye_ports\t6_mauser_c96\fire\wpn_t6_mauserc96_pap_shot_impact1.wav,,,UIN_MOD,,,,,BUS_FX,,snp_wpn_3p,,,,80,80,0,500,500,,,,,,,,,,,,,,,,3d,,,NONLOOPING,,,,,,,,,,,,,,,,,,,,,,,,,,,,,,,,,,,,,,,,,,,,,,,,,,,,,,,,,,,,,
wpn_t6_mauserc96_pap_shot_impact,,,skye_ports\t6_mauser_c96\fire\wpn_t6_mauserc96_pap_shot_impact2.wav,,,UIN_MOD,,,,,BUS_FX,,snp_wpn_3p,,,,80,80,0,500,500,,,,,,,,,,,,,,,,3d,,,NONLOOPING,,,,,,,,,,,,,,,,,,,,,,,,,,,,,,,,,,,,,,,,,,,,,,,,,,,,,,,,,,,,,
wpn_t6_mauserc96_pap_shot_impact,,,skye_ports\t6_mauser_c96\fire\wpn_t6_mauserc96_pap_shot_impact3.wav,,,UIN_MOD,,,,,BUS_FX,,snp_wpn_3p,,,,80,80,0,500,500,,,,,,,,,,,,,,,,3d,,,NONLOOPING,,,,,,,,,,,,,,,,,,,,,,,,,,,,,,,,,,,,,,,,,,,,,,,,,,,,,,,,,,,,,
wpn_t6_mauserc96_charge,,,skye_ports\t6_mauser_c96\foley\wpn_t6_mauserc96_charge.wav,,,UIN_MOD,,,,,BUS_FX,,snp_wpn_1p,,,,,,,,,,,,,,,,,,,,,,,,2d,,,NONLOOPING,,,,,,,,,,,,,,,,,,,,,,,,,,,,,,,,,,,,,,,,,,,,,,,,,,,,,,,,,,,,,
wpn_t6_mauserc96_mag_out,,,skye_ports\t6_mauser_c96\foley\wpn_t6_mauserc96_mag_out.wav,,,UIN_MOD,,,,,BUS_FX,,snp_wpn_1p,,,,,,,,,,,,,,,,,,,,,,,,2d,,,NONLOOPING,,,,,,,,,,,,,,,,,,,,,,,,,,,,,,,,,,,,,,,,,,,,,,,,,,,,,,,,,,,,,
wpn_t6_mauserc96_mag_in,,,skye_ports\t6_mauser_c96\foley\wpn_t6_mauserc96_mag_in.wav,,,UIN_MOD,,,,,BUS_FX,,snp_wpn_1p,,,,,,,,,,,,,,,,,,,,,,,,2d,,,NONLOOPING,,,,,,,,,,,,,,,,,,,,,,,,,,,,,,,,,,,,,,,,,,,,,,,,,,,,,,,,,,,,,

#BO2 DWM MG08/15,,,,,,,,,,,,,,,,,,,,,,,,,,,,,,,,,,,,,,,,,,,,,,,,,,,,,,,,,,,,,,,,,,,,,,,,,,,,,,,,,,,,,,,,,,,,,,,,,,,,,
wpn_t6_mg0815_shot_plr,,,skye_ports\t6_mg0815\fire\wpn_t6_mg0815_shot.wav,,,UIN_MOD,,,,,BUS_FX,,snp_wpn_1p_shot,,,,80,80,,,,,,,,,,,,,,,,,,,2d,,,NONLOOPING,,,,,,,,,,,,,,,,,,,,,,,,,,,,,,,,,,,,,,,,,,,,,,,,,,,,,,,,,,,,,
wpn_t6_mg0815_shot_npc,,,skye_ports\t6_mg0815\fire\wpn_t6_mg0815_shot.wav,,,UIN_MOD,,,,,BUS_FX,,snp_wpn_3p,,,,80,80,0,1000,1000,,,,,,,,,,,,,,,,3d,,,NONLOOPING,,,,,,,,,,,,,,,,,,,,,,,,,,,,,,,,,,,,,,,,,,,,,,,,,,,,,,,,,,,,,
wpn_t6_mg0815_pap_shot_plr,,,skye_ports\t6_mg0815\fire\wpn_t6_mg0815_pap_shot.wav,,,UIN_MOD,,,,,BUS_FX,,snp_wpn_1p_shot,,,,80,80,,,,,,,,,,,,,,,,,,,2d,,,NONLOOPING,,,,,,,,,,,,,,,,,,,,,,,,,,,,,,,,,,,,,,,,,,,,,,,,,,,,,,,,,,,,,
wpn_t6_mg0815_pap_shot_npc,,,skye_ports\t6_mg0815\fire\wpn_t6_mg0815_pap_shot.wav,,,UIN_MOD,,,,,BUS_FX,,snp_wpn_3p,,,,80,80,0,1000,1000,,,,,,,,,,,,,,,,3d,,,NONLOOPING,,,,,,,,,,,,,,,,,,,,,,,,,,,,,,,,,,,,,,,,,,,,,,,,,,,,,,,,,,,,,
wpn_t6_mg0815_bolt_back,,,skye_ports\t6_mg0815\foley\wpn_t6_mg0815_bolt_back.wav,,,UIN_MOD,,,,,BUS_FX,,snp_wpn_1p,,,,,,,,,,,,,,,,,,,,,,,,2d,,,NONLOOPING,,,,,,,,,,,,,,,,,,,,,,,,,,,,,,,,,,,,,,,,,,,,,,,,,,,,,,,,,,,,,
wpn_t6_mg0815_bolt_forward,,,skye_ports\t6_mg0815\foley\wpn_t6_mg0815_bolt_forward.wav,,,UIN_MOD,,,,,BUS_FX,,snp_wpn_1p,,,,,,,,,,,,,,,,,,,,,,,,2d,,,NONLOOPING,,,,,,,,,,,,,,,,,,,,,,,,,,,,,,,,,,,,,,,,,,,,,,,,,,,,,,,,,,,,,
wpn_t6_mg0815_futz,,,skye_ports\t6_mg0815\foley\wpn_t6_mg0815_futz.wav,,,UIN_MOD,,,,,BUS_FX,,snp_wpn_1p,,,,,,,,,,,,,,,,,,,,,,,,2d,,,NONLOOPING,,,,,,,,,,,,,,,,,,,,,,,,,,,,,,,,,,,,,,,,,,,,,,,,,,,,,,,,,,,,,
wpn_t6_mg0815_hit,,,skye_ports\t6_mg0815\foley\wpn_t6_mg0815_hit.wav,,,UIN_MOD,,,,,BUS_FX,,snp_wpn_1p,,,,,,,,,,,,,,,,,,,,,,,,2d,,,NONLOOPING,,,,,,,,,,,,,,,,,,,,,,,,,,,,,,,,,,,,,,,,,,,,,,,,,,,,,,,,,,,,,
wpn_t6_mg0815_mag_out,,,skye_ports\t6_mg0815\foley\wpn_t6_mg0815_mag_out.wav,,,UIN_MOD,,,,,BUS_FX,,snp_wpn_1p,,,,,,,,,,,,,,,,,,,,,,,,2d,,,NONLOOPING,,,,,,,,,,,,,,,,,,,,,,,,,,,,,,,,,,,,,,,,,,,,,,,,,,,,,,,,,,,,,
wpn_t6_mg0815_mag_in,,,skye_ports\t6_mg0815\foley\wpn_t6_mg0815_mag_in.wav,,,UIN_MOD,,,,,BUS_FX,,snp_wpn_1p,,,,,,,,,,,,,,,,,,,,,,,,2d,,,NONLOOPING,,,,,,,,,,,,,,,,,,,,,,,,,,,,,,,,,,,,,,,,,,,,,,,,,,,,,,,,,,,,,
wpn_t6_mg0815_pre_mag_out,,,skye_ports\t6_mg0815\foley\wpn_t6_mg0815_pre_mag_out.wav,,,UIN_MOD,,,,,BUS_FX,,snp_wpn_1p,,,,,,,,,,,,,,,,,,,,,,,,2d,,,NONLOOPING,,,,,,,,,,,,,,,,,,,,,,,,,,,,,,,,,,,,,,,,,,,,,,,,,,,,,,,,,,,,,

#BO2 H&K MP5,,,,,,,,,,,,,,,,,,,,,,,,,,,,,,,,,,,,,,,,,,,,,,,,,,,,,,,,,,,,,,,,,,,,,,,,,,,,,,,,,,,,,,,,,,,,,,,,,,,,,
wpn_t6_mp5_shot_plr,,,skye_ports\t6_mp5\fire\wpn_t6_mp5_shot.wav,,,UIN_MOD,,,,,BUS_FX,,snp_wpn_1p_shot,,,,80,80,,,,,,,,,,,,,,,,,,,2d,,,NONLOOPING,,,,,,,,,,,,,,,,,,,,,,,,,,,,,,,,,,,,,,,,,,,,,,,,,,,,,,,,,,,,,
wpn_t6_mp5_shot_npc,,,skye_ports\t6_mp5\fire\wpn_t6_mp5_shot.wav,,,UIN_MOD,,,,,BUS_FX,,snp_wpn_3p,,,,80,80,0,1000,1000,,,,,,,,,,,,,,,,3d,,,NONLOOPING,,,,,,,,,,,,,,,,,,,,,,,,,,,,,,,,,,,,,,,,,,,,,,,,,,,,,,,,,,,,,
wpn_t6_mp5_pap_shot_plr,,,skye_ports\t6_mp5\fire\wpn_t6_mp5_pap_shot.wav,,,UIN_MOD,,,,,BUS_FX,,snp_wpn_1p_shot,,,,80,80,,,,,,,,,,,,,,,,,,,2d,,,NONLOOPING,,,,,,,,,,,,,,,,,,,,,,,,,,,,,,,,,,,,,,,,,,,,,,,,,,,,,,,,,,,,,
wpn_t6_mp5_pap_shot_npc,,,skye_ports\t6_mp5\fire\wpn_t6_mp5_pap_shot.wav,,,UIN_MOD,,,,,BUS_FX,,snp_wpn_3p,,,,80,80,0,1000,1000,,,,,,,,,,,,,,,,3d,,,NONLOOPING,,,,,,,,,,,,,,,,,,,,,,,,,,,,,,,,,,,,,,,,,,,,,,,,,,,,,,,,,,,,,
wpn_t6_mp5_bolt_back,,,skye_ports\t6_mp5\foley\wpn_t6_mp5_bolt_back.wav,,,UIN_MOD,,,,,BUS_FX,,snp_wpn_1p,,,,,,,,,,,,,,,,,,,,,,,,2d,,,NONLOOPING,,,,,,,,,,,,,,,,,,,,,,,,,,,,,,,,,,,,,,,,,,,,,,,,,,,,,,,,,,,,,
wpn_t6_mp5_bolt_forward,,,skye_ports\t6_mp5\foley\wpn_t6_mp5_bolt_forward.wav,,,UIN_MOD,,,,,BUS_FX,,snp_wpn_1p,,,,,,,,,,,,,,,,,,,,,,,,2d,,,NONLOOPING,,,,,,,,,,,,,,,,,,,,,,,,,,,,,,,,,,,,,,,,,,,,,,,,,,,,,,,,,,,,,
wpn_t6_mp5_futz,,,skye_ports\t6_mp5\foley\wpn_t6_mp5_futz.wav,,,UIN_MOD,,,,,BUS_FX,,snp_wpn_1p,,,,,,,,,,,,,,,,,,,,,,,,2d,,,NONLOOPING,,,,,,,,,,,,,,,,,,,,,,,,,,,,,,,,,,,,,,,,,,,,,,,,,,,,,,,,,,,,,
wpn_t6_mp5_mag_in,,,skye_ports\t6_mp5\foley\wpn_t6_mp5_mag_in.wav,,,UIN_MOD,,,,,BUS_FX,,snp_wpn_1p,,,,,,,,,,,,,,,,,,,,,,,,2d,,,NONLOOPING,,,,,,,,,,,,,,,,,,,,,,,,,,,,,,,,,,,,,,,,,,,,,,,,,,,,,,,,,,,,,
wpn_t6_mp5_mag_out,,,skye_ports\t6_mp5\foley\wpn_t6_mp5_mag_out.wav,,,UIN_MOD,,,,,BUS_FX,,snp_wpn_1p,,,,,,,,,,,,,,,,,,,,,,,,2d,,,NONLOOPING,,,,,,,,,,,,,,,,,,,,,,,,,,,,,,,,,,,,,,,,,,,,,,,,,,,,,,,,,,,,,

#BO2 H&K MP40,,,,,,,,,,,,,,,,,,,,,,,,,,,,,,,,,,,,,,,,,,,,,,,,,,,,,,,,,,,,,,,,,,,,,,,,,,,,,,,,,,,,,,,,,,,,,,,,,,,,,
wpn_t6_mp40_shot_plr,,,skye_ports\t6_mp40\fire\wpn_t6_mp40_shot.wav,,,UIN_MOD,,,,,BUS_FX,,snp_wpn_1p_shot,,,,80,80,,,,,,,,,,,,,,,,,,,2d,,,NONLOOPING,,,,,,,,,,,,,,,,,,,,,,,,,,,,,,,,,,,,,,,,,,,,,,,,,,,,,,,,,,,,,
wpn_t6_mp40_shot_npc,,,skye_ports\t6_mp40\fire\wpn_t6_mp40_shot.wav,,,UIN_MOD,,,,,BUS_FX,,snp_wpn_3p,,,,80,80,0,1000,1000,,,,,,,,,,,,,,,,3d,,,NONLOOPING,,,,,,,,,,,,,,,,,,,,,,,,,,,,,,,,,,,,,,,,,,,,,,,,,,,,,,,,,,,,,
wpn_t6_mp40_pap_shot_plr,,,skye_ports\t6_mp40\fire\wpn_t6_mp40_pap_shot.wav,,,UIN_MOD,,,,,BUS_FX,,snp_wpn_1p_shot,,,,80,80,,,,,,,,,,,,,,,,,,,2d,,,NONLOOPING,,,,,,,,,,,,,,,,,,,,,,,,,,,,,,,,,,,,,,,,,,,,,,,,,,,,,,,,,,,,,
wpn_t6_mp40_pap_shot_npc,,,skye_ports\t6_mp40\fire\wpn_t6_mp40_pap_shot.wav,,,UIN_MOD,,,,,BUS_FX,,snp_wpn_3p,,,,80,80,0,1000,1000,,,,,,,,,,,,,,,,3d,,,NONLOOPING,,,,,,,,,,,,,,,,,,,,,,,,,,,,,,,,,,,,,,,,,,,,,,,,,,,,,,,,,,,,,
wpn_t6_mp40_charge,,,skye_ports\t6_mp40\foley\wpn_t6_mp40_charge.wav,,,UIN_MOD,,,,,BUS_FX,,snp_wpn_1p,,,,,,,,,,,,,,,,,,,,,,,,2d,,,NONLOOPING,,,,,,,,,,,,,,,,,,,,,,,,,,,,,,,,,,,,,,,,,,,,,,,,,,,,,,,,,,,,,
wpn_t6_mp40_mag_in,,,skye_ports\t6_mp40\foley\wpn_t6_mp40_mag_in.wav,,,UIN_MOD,,,,,BUS_FX,,snp_wpn_1p,,,,,,,,,,,,,,,,,,,,,,,,2d,,,NONLOOPING,,,,,,,,,,,,,,,,,,,,,,,,,,,,,,,,,,,,,,,,,,,,,,,,,,,,,,,,,,,,,
wpn_t6_mp40_mag_out,,,skye_ports\t6_mp40\foley\wpn_t6_mp40_mag_out.wav,,,UIN_MOD,,,,,BUS_FX,,snp_wpn_1p,,,,,,,,,,,,,,,,,,,,,,,,2d,,,NONLOOPING,,,,,,,,,,,,,,,,,,,,,,,,,,,,,,,,,,,,,,,,,,,,,,,,,,,,,,,,,,,,,

#BO2 IWI Tavor X95 MTAR,,,,,,,,,,,,,,,,,,,,,,,,,,,,,,,,,,,,,,,,,,,,,,,,,,,,,,,,,,,,,,,,,,,,,,,,,,,,,,,,,,,,,,,,,,,,,,,,,,,,,
wpn_t6_mtar_shot_plr,,,skye_ports\t6_mtar\fire\wpn_t6_mtar_shot.wav,,,UIN_MOD,,,,,BUS_FX,,snp_wpn_1p_shot,,,,80,80,,,,,,,,,,,,,,,,,,,2d,,,NONLOOPING,,,,,,,,,,,,,,,,,,,,,,,,,,,,,,,,,,,,,,,,,,,,,,,,,,,,,,,,,,,,,
wpn_t6_mtar_shot_npc,,,skye_ports\t6_mtar\fire\wpn_t6_mtar_shot.wav,,,UIN_MOD,,,,,BUS_FX,,snp_wpn_3p,,,,80,80,0,1000,1000,,,,,,,,,,,,,,,,3d,,,NONLOOPING,,,,,,,,,,,,,,,,,,,,,,,,,,,,,,,,,,,,,,,,,,,,,,,,,,,,,,,,,,,,,
wpn_t6_mtar_pap_shot_plr,,,skye_ports\t6_mtar\fire\wpn_t6_mtar_pap_shot.wav,,,UIN_MOD,,,,,BUS_FX,,snp_wpn_1p_shot,,,,80,80,,,,,,,,,,,,,,,,,,,2d,,,NONLOOPING,,,,,,,,,,,,,,,,,,,,,,,,,,,,,,,,,,,,,,,,,,,,,,,,,,,,,,,,,,,,,
wpn_t6_mtar_pap_shot_npc,,,skye_ports\t6_mtar\fire\wpn_t6_mtar_pap_shot.wav,,,UIN_MOD,,,,,BUS_FX,,snp_wpn_3p,,,,80,80,0,1000,1000,,,,,,,,,,,,,,,,3d,,,NONLOOPING,,,,,,,,,,,,,,,,,,,,,,,,,,,,,,,,,,,,,,,,,,,,,,,,,,,,,,,,,,,,,
wpn_t6_mtar_bolt_back,,,skye_ports\t6_mtar\foley\wpn_t6_mtar_bolt_back.wav,,,UIN_MOD,,,,,BUS_FX,,snp_wpn_1p,,,,,,,,,,,,,,,,,,,,,,,,2d,,,NONLOOPING,,,,,,,,,,,,,,,,,,,,,,,,,,,,,,,,,,,,,,,,,,,,,,,,,,,,,,,,,,,,,
wpn_t6_mtar_bolt_forward,,,skye_ports\t6_mtar\foley\wpn_t6_mtar_bolt_forward.wav,,,UIN_MOD,,,,,BUS_FX,,snp_wpn_1p,,,,,,,,,,,,,,,,,,,,,,,,2d,,,NONLOOPING,,,,,,,,,,,,,,,,,,,,,,,,,,,,,,,,,,,,,,,,,,,,,,,,,,,,,,,,,,,,,
wpn_t6_mtar_hit,,,skye_ports\t6_mtar\foley\wpn_t6_mtar_hit.wav,,,UIN_MOD,,,,,BUS_FX,,snp_wpn_1p,,,,,,,,,,,,,,,,,,,,,,,,2d,,,NONLOOPING,,,,,,,,,,,,,,,,,,,,,,,,,,,,,,,,,,,,,,,,,,,,,,,,,,,,,,,,,,,,,
wpn_t6_mtar_mag_in,,,skye_ports\t6_mtar\foley\wpn_t6_mtar_mag_in.wav,,,UIN_MOD,,,,,BUS_FX,,snp_wpn_1p,,,,,,,,,,,,,,,,,,,,,,,,2d,,,NONLOOPING,,,,,,,,,,,,,,,,,,,,,,,,,,,,,,,,,,,,,,,,,,,,,,,,,,,,,,,,,,,,,
wpn_t6_mtar_mag_out,,,skye_ports\t6_mtar\foley\wpn_t6_mtar_mag_out.wav,,,UIN_MOD,,,,,BUS_FX,,snp_wpn_1p,,,,,,,,,,,,,,,,,,,,,,,,2d,,,NONLOOPING,,,,,,,,,,,,,,,,,,,,,,,,,,,,,,,,,,,,,,,,,,,,,,,,,,,,,,,,,,,,,

#BO2 Beretta 682 "Olympia",,,,,,,,,,,,,,,,,,,,,,,,,,,,,,,,,,,,,,,,,,,,,,,,,,,,,,,,,,,,,,,,,,,,,,,,,,,,,,,,,,,,,,,,,,,,,,,,,,,,,
wpn_t6_olympia_shot_plr,,,skye_ports\t6_olympia\fire\wpn_t6_olympia_shot.wav,,,UIN_MOD,,,,,BUS_FX,,snp_wpn_1p_shot,,,,80,80,,,,,,,,,,,,,,,,,,,2d,,,NONLOOPING,,,,,,,,,,,,,,,,,,,,,,,,,,,,,,,,,,,,,,,,,,,,,,,,,,,,,,,,,,,,,
wpn_t6_olympia_shot_npc,,,skye_ports\t6_olympia\fire\wpn_t6_olympia_shot.wav,,,UIN_MOD,,,,,BUS_FX,,snp_wpn_3p,,,,80,80,0,1000,1000,,,,,,,,,,,,,,,,3d,,,NONLOOPING,,,,,,,,,,,,,,,,,,,,,,,,,,,,,,,,,,,,,,,,,,,,,,,,,,,,,,,,,,,,,
wpn_t6_olympia_pap_shot_plr,,,skye_ports\t6_olympia\fire\wpn_t6_olympia_pap_shot.wav,,,UIN_MOD,,,,,BUS_FX,,snp_wpn_1p_shot,,,,80,80,,,,,,,,,,,,,,,,,,,2d,,,NONLOOPING,,,,,,,,,,,,,,,,,,,,,,,,,,,,,,,,,,,,,,,,,,,,,,,,,,,,,,,,,,,,,
wpn_t6_olympia_pap_shot_npc,,,skye_ports\t6_olympia\fire\wpn_t6_olympia_pap_shot.wav,,,UIN_MOD,,,,,BUS_FX,,snp_wpn_3p,,,,80,80,0,1000,1000,,,,,,,,,,,,,,,,3d,,,NONLOOPING,,,,,,,,,,,,,,,,,,,,,,,,,,,,,,,,,,,,,,,,,,,,,,,,,,,,,,,,,,,,,
wpn_t6_olympia_close,,,skye_ports\t6_olympia\foley\wpn_t6_olympia_close.wav,,,UIN_MOD,,,,,BUS_FX,,snp_wpn_1p,,,,,,,,,,,,,,,,,,,,,,,,2d,,,NONLOOPING,,,,,,,,,,,,,,,,,,,,,,,,,,,,,,,,,,,,,,,,,,,,,,,,,,,,,,,,,,,,,
wpn_t6_olympia_open,,,skye_ports\t6_olympia\foley\wpn_t6_olympia_open.wav,,,UIN_MOD,,,,,BUS_FX,,snp_wpn_1p,,,,,,,,,,,,,,,,,,,,,,,,2d,,,NONLOOPING,,,,,,,,,,,,,,,,,,,,,,,,,,,,,,,,,,,,,,,,,,,,,,,,,,,,,,,,,,,,,
wpn_t6_olympia_shell_in,,,skye_ports\t6_olympia\foley\wpn_t6_olympia_shell_in.wav,,,UIN_MOD,,,,,BUS_FX,,snp_wpn_1p,,,,,,,,,,,,,,,,,,,,,,,,2d,,,NONLOOPING,,,,,,,,,,,,,,,,,,,,,,,,,,,,,,,,,,,,,,,,,,,,,,,,,,,,,,,,,,,,,
wpn_t6_olympia_switch,,,skye_ports\t6_olympia\foley\wpn_t6_olympia_switch.wav,,,UIN_MOD,,,,,BUS_FX,,snp_wpn_1p,,,,,,,,,,,,,,,,,,,,,,,,2d,,,NONLOOPING,,,,,,,,,,,,,,,,,,,,,,,,,,,,,,,,,,,,,,,,,,,,,,,,,,,,,,,,,,,,,

#BO2 Magpul PDR? PDW-57,,,,,,,,,,,,,,,,,,,,,,,,,,,,,,,,,,,,,,,,,,,,,,,,,,,,,,,,,,,,,,,,,,,,,,,,,,,,,,,,,,,,,,,,,,,,,,,,,,,,,
wpn_t6_pdw57_shot_plr,,,skye_ports\t6_pdw57\fire\wpn_t6_pdw57_shot.wav,,,UIN_MOD,,,,,BUS_FX,,snp_wpn_1p_shot,,,,80,80,,,,,,,,,,,,,,,,,,,2d,,,NONLOOPING,,,,,,,,,,,,,,,,,,,,,,,,,,,,,,,,,,,,,,,,,,,,,,,,,,,,,,,,,,,,,
wpn_t6_pdw57_shot_npc,,,skye_ports\t6_pdw57\fire\wpn_t6_pdw57_shot.wav,,,UIN_MOD,,,,,BUS_FX,,snp_wpn_3p,,,,80,80,0,1000,1000,,,,,,,,,,,,,,,,3d,,,NONLOOPING,,,,,,,,,,,,,,,,,,,,,,,,,,,,,,,,,,,,,,,,,,,,,,,,,,,,,,,,,,,,,
wpn_t6_pdw57_pap_shot_plr,,,skye_ports\t6_pdw57\fire\wpn_t6_pdw57_pap_shot.wav,,,UIN_MOD,,,,,BUS_FX,,snp_wpn_1p_shot,,,,80,80,,,,,,,,,,,,,,,,,,,2d,,,NONLOOPING,,,,,,,,,,,,,,,,,,,,,,,,,,,,,,,,,,,,,,,,,,,,,,,,,,,,,,,,,,,,,
wpn_t6_pdw57_pap_shot_npc,,,skye_ports\t6_pdw57\fire\wpn_t6_pdw57_pap_shot.wav,,,UIN_MOD,,,,,BUS_FX,,snp_wpn_3p,,,,80,80,0,1000,1000,,,,,,,,,,,,,,,,3d,,,NONLOOPING,,,,,,,,,,,,,,,,,,,,,,,,,,,,,,,,,,,,,,,,,,,,,,,,,,,,,,,,,,,,,
wpn_t6_pdw57_bolt_back,,,skye_ports\t6_pdw57\foley\wpn_t6_pdw57_bolt_back.wav,,,UIN_MOD,,,,,BUS_FX,,snp_wpn_1p,,,,,,,,,,,,,,,,,,,,,,,,2d,,,NONLOOPING,,,,,,,,,,,,,,,,,,,,,,,,,,,,,,,,,,,,,,,,,,,,,,,,,,,,,,,,,,,,,
wpn_t6_pdw57_bolt_forward,,,skye_ports\t6_pdw57\foley\wpn_t6_pdw57_bolt_forward.wav,,,UIN_MOD,,,,,BUS_FX,,snp_wpn_1p,,,,,,,,,,,,,,,,,,,,,,,,2d,,,NONLOOPING,,,,,,,,,,,,,,,,,,,,,,,,,,,,,,,,,,,,,,,,,,,,,,,,,,,,,,,,,,,,,
wpn_t6_pdw57_futz,,,skye_ports\t6_pdw57\foley\wpn_t6_pdw57_futz.wav,,,UIN_MOD,,,,,BUS_FX,,snp_wpn_1p,,,,,,,,,,,,,,,,,,,,,,,,2d,,,NONLOOPING,,,,,,,,,,,,,,,,,,,,,,,,,,,,,,,,,,,,,,,,,,,,,,,,,,,,,,,,,,,,,
wpn_t6_pdw57_mag_in,,,skye_ports\t6_pdw57\foley\wpn_t6_pdw57_mag_in.wav,,,UIN_MOD,,,,,BUS_FX,,snp_wpn_1p,,,,,,,,,,,,,,,,,,,,,,,,2d,,,NONLOOPING,,,,,,,,,,,,,,,,,,,,,,,,,,,,,,,,,,,,,,,,,,,,,,,,,,,,,,,,,,,,,
wpn_t6_pdw57_mag_out,,,skye_ports\t6_pdw57\foley\wpn_t6_pdw57_mag_out.wav,,,UIN_MOD,,,,,BUS_FX,,snp_wpn_1p,,,,,,,,,,,,,,,,,,,,,,,,2d,,,NONLOOPING,,,,,,,,,,,,,,,,,,,,,,,,,,,,,,,,,,,,,,,,,,,,,,,,,,,,,,,,,,,,,

#BO2 Colt Python,,,,,,,,,,,,,,,,,,,,,,,,,,,,,,,,,,,,,,,,,,,,,,,,,,,,,,,,,,,,,,,,,,,,,,,,,,,,,,,,,,,,,,,,,,,,,,,,,,,,,
wpn_t6_python_shot_plr,,,skye_ports\t6_python\fire\wpn_t6_python_shot.wav,,,UIN_MOD,,,,,BUS_FX,,snp_wpn_1p_shot,,,,80,80,,,,,,,,,,,,,,,,,,,2d,,,NONLOOPING,,,,,,,,,,,,,,,,,,,,,,,,,,,,,,,,,,,,,,,,,,,,,,,,,,,,,,,,,,,,,
wpn_t6_python_shot_npc,,,skye_ports\t6_python\fire\wpn_t6_python_shot.wav,,,UIN_MOD,,,,,BUS_FX,,snp_wpn_3p,,,,80,80,0,1000,1000,,,,,,,,,,,,,,,,3d,,,NONLOOPING,,,,,,,,,,,,,,,,,,,,,,,,,,,,,,,,,,,,,,,,,,,,,,,,,,,,,,,,,,,,,
wpn_t6_python_pap_shot_plr,,,skye_ports\t6_python\fire\wpn_t6_python_pap_shot.wav,,,UIN_MOD,,,,,BUS_FX,,snp_wpn_1p_shot,,,,80,80,,,,,,,,,,,,,,,,,,,2d,,,NONLOOPING,,,,,,,,,,,,,,,,,,,,,,,,,,,,,,,,,,,,,,,,,,,,,,,,,,,,,,,,,,,,,
wpn_t6_python_pap_shot_npc,,,skye_ports\t6_python\fire\wpn_t6_python_pap_shot.wav,,,UIN_MOD,,,,,BUS_FX,,snp_wpn_3p,,,,80,80,0,1000,1000,,,,,,,,,,,,,,,,3d,,,NONLOOPING,,,,,,,,,,,,,,,,,,,,,,,,,,,,,,,,,,,,,,,,,,,,,,,,,,,,,,,,,,,,,
wpn_t6_python_bullets_in,,,skye_ports\t6_python\foley\wpn_t6_python_bullets_in.wav,,,UIN_MOD,,,,,BUS_FX,,snp_wpn_1p,,,,,,,,,,,,,,,,,,,,,,,,2d,,,NONLOOPING,,,,,,,,,,,,,,,,,,,,,,,,,,,,,,,,,,,,,,,,,,,,,,,,,,,,,,,,,,,,,
wpn_t6_python_bullets_out,,,skye_ports\t6_python\foley\wpn_t6_python_bullets_out.wav,,,UIN_MOD,,,,,BUS_FX,,snp_wpn_1p,,,,,,,,,,,,,,,,,,,,,,,,2d,,,NONLOOPING,,,,,,,,,,,,,,,,,,,,,,,,,,,,,,,,,,,,,,,,,,,,,,,,,,,,,,,,,,,,,
wpn_t6_python_close,,,skye_ports\t6_python\foley\wpn_t6_python_close.wav,,,UIN_MOD,,,,,BUS_FX,,snp_wpn_1p,,,,,,,,,,,,,,,,,,,,,,,,2d,,,NONLOOPING,,,,,,,,,,,,,,,,,,,,,,,,,,,,,,,,,,,,,,,,,,,,,,,,,,,,,,,,,,,,,
wpn_t6_python_open,,,skye_ports\t6_python\foley\wpn_t6_python_open.wav,,,UIN_MOD,,,,,BUS_FX,,snp_wpn_1p,,,,,,,,,,,,,,,,,,,,,,,,2d,,,NONLOOPING,,,,,,,,,,,,,,,,,,,,,,,,,,,,,,,,,,,,,,,,,,,,,,,,,,,,,,,,,,,,,
wpn_t6_python_spin,,,skye_ports\t6_python\foley\wpn_t6_python_spin.wav,,,UIN_MOD,,,,,BUS_FX,,snp_wpn_1p,,,,,,,,,,,,,,,,,,,,,,,,2d,,,NONLOOPING,,,,,,,,,,,,,,,,,,,,,,,,,,,,,,,,,,,,,,,,,,,,,,,,,,,,,,,,,,,,,

#BO2 Remington Model 870 MCS,,,,,,,,,,,,,,,,,,,,,,,,,,,,,,,,,,,,,,,,,,,,,,,,,,,,,,,,,,,,,,,,,,,,,,,,,,,,,,,,,,,,,,,,,,,,,,,,,,,,,
wpn_t6_rem870mcs_shot_plr,,,skye_ports\t6_rem870mcs\fire\wpn_t6_rem870mcs_shot.wav,,,UIN_MOD,,,,,BUS_FX,,snp_wpn_1p_shot,,,,80,80,,,,,,,,,,,,,,,,,,,2d,,,NONLOOPING,,,,,,,,,,,,,,,,,,,,,,,,,,,,,,,,,,,,,,,,,,,,,,,,,,,,,,,,,,,,,
wpn_t6_rem870mcs_shot_npc,,,skye_ports\t6_rem870mcs\fire\wpn_t6_rem870mcs_shot.wav,,,UIN_MOD,,,,,BUS_FX,,snp_wpn_3p,,,,80,80,0,1000,1000,,,,,,,,,,,,,,,,3d,,,NONLOOPING,,,,,,,,,,,,,,,,,,,,,,,,,,,,,,,,,,,,,,,,,,,,,,,,,,,,,,,,,,,,,
wpn_t6_rem870mcs_pap_shot_plr,,,skye_ports\t6_rem870mcs\fire\wpn_t6_rem870mcs_pap_shot.wav,,,UIN_MOD,,,,,BUS_FX,,snp_wpn_1p_shot,,,,80,80,,,,,,,,,,,,,,,,,,,2d,,,NONLOOPING,,,,,,,,,,,,,,,,,,,,,,,,,,,,,,,,,,,,,,,,,,,,,,,,,,,,,,,,,,,,,
wpn_t6_rem870mcs_pap_shot_npc,,,skye_ports\t6_rem870mcs\fire\wpn_t6_rem870mcs_pap_shot.wav,,,UIN_MOD,,,,,BUS_FX,,snp_wpn_3p,,,,80,80,0,1000,1000,,,,,,,,,,,,,,,,3d,,,NONLOOPING,,,,,,,,,,,,,,,,,,,,,,,,,,,,,,,,,,,,,,,,,,,,,,,,,,,,,,,,,,,,,
wpn_t6_rem870mcs_pump_back,,,skye_ports\t6_rem870mcs\foley\wpn_t6_rem870mcs_pump_back.wav,,,UIN_MOD,,,,,BUS_FX,,snp_wpn_1p,,,,,,,,,,,,,,,,,,,,,,,,2d,,,NONLOOPING,,,,,,,,,,,,,,,,,,,,,,,,,,,,,,,,,,,,,,,,,,,,,,,,,,,,,,,,,,,,,
wpn_t6_rem870mcs_pump_forward,,,skye_ports\t6_rem870mcs\foley\wpn_t6_rem870mcs_pump_forward.wav,,,UIN_MOD,,,,,BUS_FX,,snp_wpn_1p,,,,,,,,,,,,,,,,,,,,,,,,2d,,,NONLOOPING,,,,,,,,,,,,,,,,,,,,,,,,,,,,,,,,,,,,,,,,,,,,,,,,,,,,,,,,,,,,,
wpn_t6_rem870mcs_shell_in,,,skye_ports\t6_rem870mcs\foley\wpn_t6_rem870mcs_shell_in1.wav,,,UIN_MOD,,,,,BUS_FX,,snp_wpn_1p,,,,,,,,,,,,,,,,,,,,,,,,2d,,,NONLOOPING,,,,,,,,,,,,,,,,,,,,,,,,,,,,,,,,,,,,,,,,,,,,,,,,,,,,,,,,,,,,,
wpn_t6_rem870mcs_shell_in,,,skye_ports\t6_rem870mcs\foley\wpn_t6_rem870mcs_shell_in2.wav,,,UIN_MOD,,,,,BUS_FX,,snp_wpn_1p,,,,,,,,,,,,,,,,,,,,,,,,2d,,,NONLOOPING,,,,,,,,,,,,,,,,,,,,,,,,,,,,,,,,,,,,,,,,,,,,,,,,,,,,,,,,,,,,,
wpn_t6_rem870mcs_shell_in,,,skye_ports\t6_rem870mcs\foley\wpn_t6_rem870mcs_shell_in3.wav,,,UIN_MOD,,,,,BUS_FX,,snp_wpn_1p,,,,,,,,,,,,,,,,,,,,,,,,2d,,,NONLOOPING,,,,,,,,,,,,,,,,,,,,,,,,,,,,,,,,,,,,,,,,,,,,,,,,,,,,,,,,,,,,,
wpn_t6_rem870mcs_shell_in,,,skye_ports\t6_rem870mcs\foley\wpn_t6_rem870mcs_shell_in4.wav,,,UIN_MOD,,,,,BUS_FX,,snp_wpn_1p,,,,,,,,,,,,,,,,,,,,,,,,2d,,,NONLOOPING,,,,,,,,,,,,,,,,,,,,,,,,,,,,,,,,,,,,,,,,,,,,,,,,,,,,,,,,,,,,,
wpn_t6_rem870mcs_shell_in,,,skye_ports\t6_rem870mcs\foley\wpn_t6_rem870mcs_shell_in5.wav,,,UIN_MOD,,,,,BUS_FX,,snp_wpn_1p,,,,,,,,,,,,,,,,,,,,,,,,2d,,,NONLOOPING,,,,,,,,,,,,,,,,,,,,,,,,,,,,,,,,,,,,,,,,,,,,,,,,,,,,,,,,,,,,,
wpn_t6_rem870mcs_shell_in,,,skye_ports\t6_rem870mcs\foley\wpn_t6_rem870mcs_shell_in6.wav,,,UIN_MOD,,,,,BUS_FX,,snp_wpn_1p,,,,,,,,,,,,,,,,,,,,,,,,2d,,,NONLOOPING,,,,,,,,,,,,,,,,,,,,,,,,,,,,,,,,,,,,,,,,,,,,,,,,,,,,,,,,,,,,,

#BO2 Remington New Model Army "Model 1858",,,,,,,,,,,,,,,,,,,,,,,,,,,,,,,,,,,,,,,,,,,,,,,,,,,,,,,,,,,,,,,,,,,,,,,,,,,,,,,,,,,,,,,,,,,,,,,,,,,,,
wpn_t6_remnewmodel_shot_plr,,,skye_ports\t6_remnewmodel\fire\wpn_t6_remnewmodel_shot.wav,,,UIN_MOD,,,,,BUS_FX,,snp_wpn_1p_shot,,,,80,80,,,,,,,,,,,,,,,,,,,2d,,,NONLOOPING,,,,,,,,,,,,,,,,,,,,,,,,,,,,,,,,,,,,,,,,,,,,,,,,,,,,,,,,,,,,,
wpn_t6_remnewmodel_shot_npc,,,skye_ports\t6_remnewmodel\fire\wpn_t6_remnewmodel_shot.wav,,,UIN_MOD,,,,,BUS_FX,,snp_wpn_3p,,,,80,80,0,1000,1000,,,,,,,,,,,,,,,,3d,,,NONLOOPING,,,,,,,,,,,,,,,,,,,,,,,,,,,,,,,,,,,,,,,,,,,,,,,,,,,,,,,,,,,,,
wpn_t6_remnewmodel_pap_shot_plr,,,skye_ports\t6_remnewmodel\fire\wpn_t6_remnewmodel_pap_shot.wav,,,UIN_MOD,,,,,BUS_FX,,snp_wpn_1p_shot,,,,80,80,,,,,,,,,,,,,,,,,,,2d,,,NONLOOPING,,,,,,,,,,,,,,,,,,,,,,,,,,,,,,,,,,,,,,,,,,,,,,,,,,,,,,,,,,,,,
wpn_t6_remnewmodel_pap_shot_npc,,,skye_ports\t6_remnewmodel\fire\wpn_t6_remnewmodel_pap_shot.wav,,,UIN_MOD,,,,,BUS_FX,,snp_wpn_3p,,,,80,80,0,1000,1000,,,,,,,,,,,,,,,,3d,,,NONLOOPING,,,,,,,,,,,,,,,,,,,,,,,,,,,,,,,,,,,,,,,,,,,,,,,,,,,,,,,,,,,,,
wpn_t6_remnewmodel_cylinder_in,,,skye_ports\t6_remnewmodel\foley\wpn_t6_remnewmodel_cylinder_in.wav,,,UIN_MOD,,,,,BUS_FX,,snp_wpn_1p,,,,,,,,,,,,,,,,,,,,,,,,2d,,,NONLOOPING,,,,,,,,,,,,,,,,,,,,,,,,,,,,,,,,,,,,,,,,,,,,,,,,,,,,,,,,,,,,,
wpn_t6_remnewmodel_cylinder_out,,,skye_ports\t6_remnewmodel\foley\wpn_t6_remnewmodel_cylinder_out.wav,,,UIN_MOD,,,,,BUS_FX,,snp_wpn_1p,,,,,,,,,,,,,,,,,,,,,,,,2d,,,NONLOOPING,,,,,,,,,,,,,,,,,,,,,,,,,,,,,,,,,,,,,,,,,,,,,,,,,,,,,,,,,,,,,
wpn_t6_remnewmodel_first_raise,,,skye_ports\t6_remnewmodel\foley\wpn_t6_remnewmodel_first_raise.wav,,,UIN_MOD,,,,,BUS_FX,,snp_wpn_1p,,,,,,,,,,,,,,,,,,,,,,,,2d,,,NONLOOPING,,,,,,,,,,,,,,,,,,,,,,,,,,,,,,,,,,,,,,,,,,,,,,,,,,,,,,,,,,,,,
wpn_t6_remnewmodel_hammer,,,skye_ports\t6_remnewmodel\foley\wpn_t6_remnewmodel_hammer.wav,,,UIN_MOD,,,,,BUS_FX,,snp_wpn_1p,,,,,,,,,,,,,,,,,,,,,,,,2d,,,NONLOOPING,,,,,,,,,,,,,,,,,,,,,,,,,,,,,,,,,,,,,,,,,,,,,,,,,,,,,,,,,,,,,
wpn_t6_remnewmodel_lever,,,skye_ports\t6_remnewmodel\foley\wpn_t6_remnewmodel_lever.wav,,,UIN_MOD,,,,,BUS_FX,,snp_wpn_1p,,,,,,,,,,,,,,,,,,,,,,,,2d,,,NONLOOPING,,,,,,,,,,,,,,,,,,,,,,,,,,,,,,,,,,,,,,,,,,,,,,,,,,,,,,,,,,,,,

#BO2 Degtyaryov RPD,,,,,,,,,,,,,,,,,,,,,,,,,,,,,,,,,,,,,,,,,,,,,,,,,,,,,,,,,,,,,,,,,,,,,,,,,,,,,,,,,,,,,,,,,,,,,,,,,,,,,
wpn_t6_rpd_shot_plr,,,skye_ports\t6_rpd\fire\wpn_t6_rpd_shot.wav,,,UIN_MOD,,,,,BUS_FX,,snp_wpn_1p_shot,,,,80,80,,,,,,,,,,,,,,,,,,,2d,,,NONLOOPING,,,,,,,,,,,,,,,,,,,,,,,,,,,,,,,,,,,,,,,,,,,,,,,,,,,,,,,,,,,,,
wpn_t6_rpd_shot_npc,,,skye_ports\t6_rpd\fire\wpn_t6_rpd_shot.wav,,,UIN_MOD,,,,,BUS_FX,,snp_wpn_3p,,,,80,80,0,1000,1000,,,,,,,,,,,,,,,,3d,,,NONLOOPING,,,,,,,,,,,,,,,,,,,,,,,,,,,,,,,,,,,,,,,,,,,,,,,,,,,,,,,,,,,,,
wpn_t6_rpd_pap_shot_plr,,,skye_ports\t6_rpd\fire\wpn_t6_rpd_pap_shot.wav,,,UIN_MOD,,,,,BUS_FX,,snp_wpn_1p_shot,,,,80,80,,,,,,,,,,,,,,,,,,,2d,,,NONLOOPING,,,,,,,,,,,,,,,,,,,,,,,,,,,,,,,,,,,,,,,,,,,,,,,,,,,,,,,,,,,,,
wpn_t6_rpd_pap_shot_npc,,,skye_ports\t6_rpd\fire\wpn_t6_rpd_pap_shot.wav,,,UIN_MOD,,,,,BUS_FX,,snp_wpn_3p,,,,80,80,0,1000,1000,,,,,,,,,,,,,,,,3d,,,NONLOOPING,,,,,,,,,,,,,,,,,,,,,,,,,,,,,,,,,,,,,,,,,,,,,,,,,,,,,,,,,,,,,
wpn_t6_rpd_bolt_back,,,skye_ports\t6_rpd\foley\wpn_t6_rpd_bolt_back.wav,,,UIN_MOD,,,,,BUS_FX,,snp_wpn_1p,,,,,,,,,,,,,,,,,,,,,,,,2d,,,NONLOOPING,,,,,,,,,,,,,,,,,,,,,,,,,,,,,,,,,,,,,,,,,,,,,,,,,,,,,,,,,,,,,
wpn_t6_rpd_bolt_forward,,,skye_ports\t6_rpd\foley\wpn_t6_rpd_bolt_forward.wav,,,UIN_MOD,,,,,BUS_FX,,snp_wpn_1p,,,,,,,,,,,,,,,,,,,,,,,,2d,,,NONLOOPING,,,,,,,,,,,,,,,,,,,,,,,,,,,,,,,,,,,,,,,,,,,,,,,,,,,,,,,,,,,,,
wpn_t6_rpd_close,,,skye_ports\t6_rpd\foley\wpn_t6_rpd_close.wav,,,UIN_MOD,,,,,BUS_FX,,snp_wpn_1p,,,,,,,,,,,,,,,,,,,,,,,,2d,,,NONLOOPING,,,,,,,,,,,,,,,,,,,,,,,,,,,,,,,,,,,,,,,,,,,,,,,,,,,,,,,,,,,,,
wpn_t6_rpd_futz,,,skye_ports\t6_rpd\foley\wpn_t6_rpd_futz.wav,,,UIN_MOD,,,,,BUS_FX,,snp_wpn_1p,,,,,,,,,,,,,,,,,,,,,,,,2d,,,NONLOOPING,,,,,,,,,,,,,,,,,,,,,,,,,,,,,,,,,,,,,,,,,,,,,,,,,,,,,,,,,,,,,
wpn_t6_rpd_hit,,,skye_ports\t6_rpd\foley\wpn_t6_rpd_hit.wav,,,UIN_MOD,,,,,BUS_FX,,snp_wpn_1p,,,,,,,,,,,,,,,,,,,,,,,,2d,,,NONLOOPING,,,,,,,,,,,,,,,,,,,,,,,,,,,,,,,,,,,,,,,,,,,,,,,,,,,,,,,,,,,,,
wpn_t6_rpd_lift_belt,,,skye_ports\t6_rpd\foley\wpn_t6_rpd_lift_belt.wav,,,UIN_MOD,,,,,BUS_FX,,snp_wpn_1p,,,,,,,,,,,,,,,,,,,,,,,,2d,,,NONLOOPING,,,,,,,,,,,,,,,,,,,,,,,,,,,,,,,,,,,,,,,,,,,,,,,,,,,,,,,,,,,,,
wpn_t6_rpd_mag_off,,,skye_ports\t6_rpd\foley\wpn_t6_rpd_mag_off.wav,,,UIN_MOD,,,,,BUS_FX,,snp_wpn_1p,,,,,,,,,,,,,,,,,,,,,,,,2d,,,NONLOOPING,,,,,,,,,,,,,,,,,,,,,,,,,,,,,,,,,,,,,,,,,,,,,,,,,,,,,,,,,,,,,
wpn_t6_rpd_mag_on,,,skye_ports\t6_rpd\foley\wpn_t6_rpd_mag_on.wav,,,UIN_MOD,,,,,BUS_FX,,snp_wpn_1p,,,,,,,,,,,,,,,,,,,,,,,,2d,,,NONLOOPING,,,,,,,,,,,,,,,,,,,,,,,,,,,,,,,,,,,,,,,,,,,,,,,,,,,,,,,,,,,,,
wpn_t6_rpd_open,,,skye_ports\t6_rpd\foley\wpn_t6_rpd_open.wav,,,UIN_MOD,,,,,BUS_FX,,snp_wpn_1p,,,,,,,,,,,,,,,,,,,,,,,,2d,,,NONLOOPING,,,,,,,,,,,,,,,,,,,,,,,,,,,,,,,,,,,,,,,,,,,,,,,,,,,,,,,,,,,,,
wpn_t6_rpd_place_belt,,,skye_ports\t6_rpd\foley\wpn_t6_rpd_place_belt.wav,,,UIN_MOD,,,,,BUS_FX,,snp_wpn_1p,,,,,,,,,,,,,,,,,,,,,,,,2d,,,NONLOOPING,,,,,,,,,,,,,,,,,,,,,,,,,,,,,,,,,,,,,,,,,,,,,,,,,,,,,,,,,,,,,
wpn_t6_rpd_start,,,skye_ports\t6_rpd\foley\wpn_t6_rpd_start.wav,,,UIN_MOD,,,,,BUS_FX,,snp_wpn_1p,,,,,,,,,,,,,,,,,,,,,,,,2d,,,NONLOOPING,,,,,,,,,,,,,,,,,,,,,,,,,,,,,,,,,,,,,,,,,,,,,,,,,,,,,,,,,,,,,

#BO2 AirTronic USA PSRL-1? RPG,,,,,,,,,,,,,,,,,,,,,,,,,,,,,,,,,,,,,,,,,,,,,,,,,,,,,,,,,,,,,,,,,,,,,,,,,,,,,,,,,,,,,,,,,,,,,,,,,,,,,
wpn_t6_rpg_shot_plr,,,skye_ports\t6_rpg\fire\wpn_t6_rpg_shot.wav,,,UIN_MOD,,,,,BUS_FX,,snp_wpn_1p_shot,,,,80,80,,,,,,,,,,,,,,,,,,,2d,,,NONLOOPING,,,,,,,,,,,,,,,,,,,,,,,,,,,,,,,,,,,,,,,,,,,,,,,,,,,,,,,,,,,,,
wpn_t6_rpg_shot_npc,,,skye_ports\t6_rpg\fire\wpn_t6_rpg_shot.wav,,,UIN_MOD,,,,,BUS_FX,,snp_wpn_3p,,,,80,80,0,1000,1000,,,,,,,,,,,,,,,,3d,,,NONLOOPING,,,,,,,,,,,,,,,,,,,,,,,,,,,,,,,,,,,,,,,,,,,,,,,,,,,,,,,,,,,,,
wpn_t6_rpg_pap_shot_plr,,,skye_ports\t6_rpg\fire\wpn_t6_rpg_pap_shot.wav,,,UIN_MOD,,,,,BUS_FX,,snp_wpn_1p_shot,,,,80,80,,,,,,,,,,,,,,,,,,,2d,,,NONLOOPING,,,,,,,,,,,,,,,,,,,,,,,,,,,,,,,,,,,,,,,,,,,,,,,,,,,,,,,,,,,,,
wpn_t6_rpg_pap_shot_npc,,,skye_ports\t6_rpg\fire\wpn_t6_rpg_pap_shot.wav,,,UIN_MOD,,,,,BUS_FX,,snp_wpn_3p,,,,80,80,0,1000,1000,,,,,,,,,,,,,,,,3d,,,NONLOOPING,,,,,,,,,,,,,,,,,,,,,,,,,,,,,,,,,,,,,,,,,,,,,,,,,,,,,,,,,,,,,
wpn_t6_rpg_futz,,,skye_ports\t6_rpg\foley\wpn_t6_rpg_futz.wav,,,UIN_MOD,,,,,BUS_FX,,snp_wpn_1p,,,,,,,,,,,,,,,,,,,,,,,,2d,,,NONLOOPING,,,,,,,,,,,,,,,,,,,,,,,,,,,,,,,,,,,,,,,,,,,,,,,,,,,,,,,,,,,,,
wpn_t6_rpg_insert,,,skye_ports\t6_rpg\foley\wpn_t6_rpg_insert.wav,,,UIN_MOD,,,,,BUS_FX,,snp_wpn_1p,,,,,,,,,,,,,,,,,,,,,,,,2d,,,NONLOOPING,,,,,,,,,,,,,,,,,,,,,,,,,,,,,,,,,,,,,,,,,,,,,,,,,,,,,,,,,,,,,
wpn_t6_rpg_twist,,,skye_ports\t6_rpg\foley\wpn_t6_rpg_twist.wav,,,UIN_MOD,,,,,BUS_FX,,snp_wpn_1p,,,,,,,,,,,,,,,,,,,,,,,,2d,,,NONLOOPING,,,,,,,,,,,,,,,,,,,,,,,,,,,,,,,,,,,,,,,,,,,,,,,,,,,,,,,,,,,,,

#BO2 Izhmash Saiga-12,,,,,,,,,,,,,,,,,,,,,,,,,,,,,,,,,,,,,,,,,,,,,,,,,,,,,,,,,,,,,,,,,,,,,,,,,,,,,,,,,,,,,,,,,,,,,,,,,,,,,
wpn_t6_s12_shot_plr,,,skye_ports\t6_s12\fire\wpn_t6_s12_shot.wav,,,UIN_MOD,,,,,BUS_FX,,snp_wpn_1p_shot,,,,80,80,,,,,,,,,,,,,,,,,,,2d,,,NONLOOPING,,,,,,,,,,,,,,,,,,,,,,,,,,,,,,,,,,,,,,,,,,,,,,,,,,,,,,,,,,,,,
wpn_t6_s12_shot_npc,,,skye_ports\t6_s12\fire\wpn_t6_s12_shot.wav,,,UIN_MOD,,,,,BUS_FX,,snp_wpn_3p,,,,80,80,0,1000,1000,,,,,,,,,,,,,,,,3d,,,NONLOOPING,,,,,,,,,,,,,,,,,,,,,,,,,,,,,,,,,,,,,,,,,,,,,,,,,,,,,,,,,,,,,
wpn_t6_s12_pap_shot_plr,,,skye_ports\t6_s12\fire\wpn_t6_s12_pap_shot.wav,,,UIN_MOD,,,,,BUS_FX,,snp_wpn_1p_shot,,,,80,80,,,,,,,,,,,,,,,,,,,2d,,,NONLOOPING,,,,,,,,,,,,,,,,,,,,,,,,,,,,,,,,,,,,,,,,,,,,,,,,,,,,,,,,,,,,,
wpn_t6_s12_pap_shot_npc,,,skye_ports\t6_s12\fire\wpn_t6_s12_pap_shot.wav,,,UIN_MOD,,,,,BUS_FX,,snp_wpn_3p,,,,80,80,0,1000,1000,,,,,,,,,,,,,,,,3d,,,NONLOOPING,,,,,,,,,,,,,,,,,,,,,,,,,,,,,,,,,,,,,,,,,,,,,,,,,,,,,,,,,,,,,
wpn_t6_s12_bolt_back,,,skye_ports\t6_s12\foley\wpn_t6_s12_bolt_back.wav,,,UIN_MOD,,,,,BUS_FX,,snp_wpn_1p,,,,,,,,,,,,,,,,,,,,,,,,2d,,,NONLOOPING,,,,,,,,,,,,,,,,,,,,,,,,,,,,,,,,,,,,,,,,,,,,,,,,,,,,,,,,,,,,,
wpn_t6_s12_bolt_forward,,,skye_ports\t6_s12\foley\wpn_t6_s12_bolt_forward.wav,,,UIN_MOD,,,,,BUS_FX,,snp_wpn_1p,,,,,,,,,,,,,,,,,,,,,,,,2d,,,NONLOOPING,,,,,,,,,,,,,,,,,,,,,,,,,,,,,,,,,,,,,,,,,,,,,,,,,,,,,,,,,,,,,
wpn_t6_s12_futz,,,skye_ports\t6_s12\foley\wpn_t6_s12_futz.wav,,,UIN_MOD,,,,,BUS_FX,,snp_wpn_1p,,,,,,,,,,,,,,,,,,,,,,,,2d,,,NONLOOPING,,,,,,,,,,,,,,,,,,,,,,,,,,,,,,,,,,,,,,,,,,,,,,,,,,,,,,,,,,,,,
wpn_t6_s12_mag_in,,,skye_ports\t6_s12\foley\wpn_t6_s12_mag_in.wav,,,UIN_MOD,,,,,BUS_FX,,snp_wpn_1p,,,,,,,,,,,,,,,,,,,,,,,,2d,,,NONLOOPING,,,,,,,,,,,,,,,,,,,,,,,,,,,,,,,,,,,,,,,,,,,,,,,,,,,,,,,,,,,,,
wpn_t6_s12_mag_out,,,skye_ports\t6_s12\foley\wpn_t6_s12_mag_out.wav,,,UIN_MOD,,,,,BUS_FX,,snp_wpn_1p,,,,,,,,,,,,,,,,,,,,,,,,2d,,,NONLOOPING,,,,,,,,,,,,,,,,,,,,,,,,,,,,,,,,,,,,,,,,,,,,,,,,,,,,,,,,,,,,,

#BO2 CZ Skorpion EVO III A1,,,,,,,,,,,,,,,,,,,,,,,,,,,,,,,,,,,,,,,,,,,,,,,,,,,,,,,,,,,,,,,,,,,,,,,,,,,,,,,,,,,,,,,,,,,,,,,,,,,,,
wpn_t6_skorpion_evo_shot_plr,,,skye_ports\t6_skorpion_evo\fire\wpn_t6_skorpion_evo_shot.wav,,,UIN_MOD,,,,,BUS_FX,,snp_wpn_1p_shot,,,,80,80,,,,,,,,,,,,,,,,,,,2d,,,NONLOOPING,,,,,,,,,,,,,,,,,,,,,,,,,,,,,,,,,,,,,,,,,,,,,,,,,,,,,,,,,,,,,
wpn_t6_skorpion_evo_shot_npc,,,skye_ports\t6_skorpion_evo\fire\wpn_t6_skorpion_evo_shot.wav,,,UIN_MOD,,,,,BUS_FX,,snp_wpn_3p,,,,80,80,0,1000,1000,,,,,,,,,,,,,,,,3d,,,NONLOOPING,,,,,,,,,,,,,,,,,,,,,,,,,,,,,,,,,,,,,,,,,,,,,,,,,,,,,,,,,,,,,
wpn_t6_skorpion_evo_pap_shot_plr,,,skye_ports\t6_skorpion_evo\fire\wpn_t6_skorpion_evo_pap_shot.wav,,,UIN_MOD,,,,,BUS_FX,,snp_wpn_1p_shot,,,,80,80,,,,,,,,,,,,,,,,,,,2d,,,NONLOOPING,,,,,,,,,,,,,,,,,,,,,,,,,,,,,,,,,,,,,,,,,,,,,,,,,,,,,,,,,,,,,
wpn_t6_skorpion_evo_pap_shot_npc,,,skye_ports\t6_skorpion_evo\fire\wpn_t6_skorpion_evo_pap_shot.wav,,,UIN_MOD,,,,,BUS_FX,,snp_wpn_3p,,,,80,80,0,1000,1000,,,,,,,,,,,,,,,,3d,,,NONLOOPING,,,,,,,,,,,,,,,,,,,,,,,,,,,,,,,,,,,,,,,,,,,,,,,,,,,,,,,,,,,,,
wpn_t6_skorpion_evo_bolt_back,,,skye_ports\t6_skorpion_evo\foley\wpn_t6_skorpion_evo_bolt_back.wav,,,UIN_MOD,,,,,BUS_FX,,snp_wpn_1p,,,,,,,,,,,,,,,,,,,,,,,,2d,,,NONLOOPING,,,,,,,,,,,,,,,,,,,,,,,,,,,,,,,,,,,,,,,,,,,,,,,,,,,,,,,,,,,,,
wpn_t6_skorpion_evo_bolt_forward,,,skye_ports\t6_skorpion_evo\foley\wpn_t6_skorpion_evo_bolt_forward.wav,,,UIN_MOD,,,,,BUS_FX,,snp_wpn_1p,,,,,,,,,,,,,,,,,,,,,,,,2d,,,NONLOOPING,,,,,,,,,,,,,,,,,,,,,,,,,,,,,,,,,,,,,,,,,,,,,,,,,,,,,,,,,,,,,
wpn_t6_skorpion_evo_charge,,,skye_ports\t6_skorpion_evo\foley\wpn_t6_skorpion_evo_charge.wav,,,UIN_MOD,,,,,BUS_FX,,snp_wpn_1p,,,,,,,,,,,,,,,,,,,,,,,,2d,,,NONLOOPING,,,,,,,,,,,,,,,,,,,,,,,,,,,,,,,,,,,,,,,,,,,,,,,,,,,,,,,,,,,,,
wpn_t6_skorpion_evo_mag_in,,,skye_ports\t6_skorpion_evo\foley\wpn_t6_skorpion_evo_mag_in.wav,,,UIN_MOD,,,,,BUS_FX,,snp_wpn_1p,,,,,,,,,,,,,,,,,,,,,,,,2d,,,NONLOOPING,,,,,,,,,,,,,,,,,,,,,,,,,,,,,,,,,,,,,,,,,,,,,,,,,,,,,,,,,,,,,
wpn_t6_skorpion_evo_mag_out,,,skye_ports\t6_skorpion_evo\foley\wpn_t6_skorpion_evo_mag_out.wav,,,UIN_MOD,,,,,BUS_FX,,snp_wpn_1p,,,,,,,,,,,,,,,,,,,,,,,,2d,,,NONLOOPING,,,,,,,,,,,,,,,,,,,,,,,,,,,,,,,,,,,,,,,,,,,,,,,,,,,,,,,,,,,,,

#BO2 Saritch "SMR",,,,,,,,,,,,,,,,,,,,,,,,,,,,,,,,,,,,,,,,,,,,,,,,,,,,,,,,,,,,,,,,,,,,,,,,,,,,,,,,,,,,,,,,,,,,,,,,,,,,,
wpn_t6_smr_shot_plr,,,skye_ports\t6_smr\fire\wpn_t6_smr_shot.wav,,,UIN_MOD,,,,,BUS_FX,,snp_wpn_1p_shot,,,,80,80,,,,,,,,,,,,,,,,,,,2d,,,NONLOOPING,,,,,,,,,,,,,,,,,,,,,,,,,,,,,,,,,,,,,,,,,,,,,,,,,,,,,,,,,,,,,
wpn_t6_smr_shot_npc,,,skye_ports\t6_smr\fire\wpn_t6_smr_shot.wav,,,UIN_MOD,,,,,BUS_FX,,snp_wpn_3p,,,,80,80,0,1000,1000,,,,,,,,,,,,,,,,3d,,,NONLOOPING,,,,,,,,,,,,,,,,,,,,,,,,,,,,,,,,,,,,,,,,,,,,,,,,,,,,,,,,,,,,,
wpn_t6_smr_pap_shot_plr,,,skye_ports\t6_smr\fire\wpn_t6_smr_pap_shot.wav,,,UIN_MOD,,,,,BUS_FX,,snp_wpn_1p_shot,,,,80,80,,,,,,,,,,,,,,,,,,,2d,,,NONLOOPING,,,,,,,,,,,,,,,,,,,,,,,,,,,,,,,,,,,,,,,,,,,,,,,,,,,,,,,,,,,,,
wpn_t6_smr_pap_shot_npc,,,skye_ports\t6_smr\fire\wpn_t6_smr_pap_shot.wav,,,UIN_MOD,,,,,BUS_FX,,snp_wpn_3p,,,,80,80,0,1000,1000,,,,,,,,,,,,,,,,3d,,,NONLOOPING,,,,,,,,,,,,,,,,,,,,,,,,,,,,,,,,,,,,,,,,,,,,,,,,,,,,,,,,,,,,,
wpn_t6_smr_bolt_back,,,skye_ports\t6_smr\foley\wpn_t6_smr_bolt_back.wav,,,UIN_MOD,,,,,BUS_FX,,snp_wpn_1p,,,,,,,,,,,,,,,,,,,,,,,,2d,,,NONLOOPING,,,,,,,,,,,,,,,,,,,,,,,,,,,,,,,,,,,,,,,,,,,,,,,,,,,,,,,,,,,,,
wpn_t6_smr_bolt_forward,,,skye_ports\t6_smr\foley\wpn_t6_smr_bolt_forward.wav,,,UIN_MOD,,,,,BUS_FX,,snp_wpn_1p,,,,,,,,,,,,,,,,,,,,,,,,2d,,,NONLOOPING,,,,,,,,,,,,,,,,,,,,,,,,,,,,,,,,,,,,,,,,,,,,,,,,,,,,,,,,,,,,,
wpn_t6_smr_mag_in,,,skye_ports\t6_smr\foley\wpn_t6_smr_mag_in.wav,,,UIN_MOD,,,,,BUS_FX,,snp_wpn_1p,,,,,,,,,,,,,,,,,,,,,,,,2d,,,NONLOOPING,,,,,,,,,,,,,,,,,,,,,,,,,,,,,,,,,,,,,,,,,,,,,,,,,,,,,,,,,,,,,
wpn_t6_smr_mag_out,,,skye_ports\t6_smr\foley\wpn_t6_smr_mag_out.wav,,,UIN_MOD,,,,,BUS_FX,,snp_wpn_1p,,,,,,,,,,,,,,,,,,,,,,,,2d,,,NONLOOPING,,,,,,,,,,,,,,,,,,,,,,,,,,,,,,,,,,,,,,,,,,,,,,,,,,,,,,,,,,,,,

#BO2 STG-44,,,,,,,,,,,,,,,,,,,,,,,,,,,,,,,,,,,,,,,,,,,,,,,,,,,,,,,,,,,,,,,,,,,,,,,,,,,,,,,,,,,,,,,,,,,,,,,,,,,,,
wpn_t6_stg44_shot_plr,,,skye_ports\t6_stg44\fire\wpn_t6_stg44_shot.wav,,,UIN_MOD,,,,,BUS_FX,,snp_wpn_1p_shot,,,,80,80,,,,,,,,,,,,,,,,,,,2d,,,NONLOOPING,,,,,,,,,,,,,,,,,,,,,,,,,,,,,,,,,,,,,,,,,,,,,,,,,,,,,,,,,,,,,
wpn_t6_stg44_shot_npc,,,skye_ports\t6_stg44\fire\wpn_t6_stg44_shot.wav,,,UIN_MOD,,,,,BUS_FX,,snp_wpn_3p,,,,80,80,0,1000,1000,,,,,,,,,,,,,,,,3d,,,NONLOOPING,,,,,,,,,,,,,,,,,,,,,,,,,,,,,,,,,,,,,,,,,,,,,,,,,,,,,,,,,,,,,
wpn_t6_stg44_pap_shot_plr,,,skye_ports\t6_stg44\fire\wpn_t6_stg44_pap_shot.wav,,,UIN_MOD,,,,,BUS_FX,,snp_wpn_1p_shot,,,,80,80,,,,,,,,,,,,,,,,,,,2d,,,NONLOOPING,,,,,,,,,,,,,,,,,,,,,,,,,,,,,,,,,,,,,,,,,,,,,,,,,,,,,,,,,,,,,
wpn_t6_stg44_pap_shot_npc,,,skye_ports\t6_stg44\fire\wpn_t6_stg44_pap_shot.wav,,,UIN_MOD,,,,,BUS_FX,,snp_wpn_3p,,,,80,80,0,1000,1000,,,,,,,,,,,,,,,,3d,,,NONLOOPING,,,,,,,,,,,,,,,,,,,,,,,,,,,,,,,,,,,,,,,,,,,,,,,,,,,,,,,,,,,,,
wpn_t6_stg44_bolt_back,,,skye_ports\t6_stg44\foley\wpn_t6_stg44_bolt_back.wav,,,UIN_MOD,,,,,BUS_FX,,snp_wpn_1p,,,,,,,,,,,,,,,,,,,,,,,,2d,,,NONLOOPING,,,,,,,,,,,,,,,,,,,,,,,,,,,,,,,,,,,,,,,,,,,,,,,,,,,,,,,,,,,,,
wpn_t6_stg44_bolt_forward,,,skye_ports\t6_stg44\foley\wpn_t6_stg44_bolt_forward.wav,,,UIN_MOD,,,,,BUS_FX,,snp_wpn_1p,,,,,,,,,,,,,,,,,,,,,,,,2d,,,NONLOOPING,,,,,,,,,,,,,,,,,,,,,,,,,,,,,,,,,,,,,,,,,,,,,,,,,,,,,,,,,,,,,
wpn_t6_stg44_mag_in,,,skye_ports\t6_stg44\foley\wpn_t6_stg44_mag_in.wav,,,UIN_MOD,,,,,BUS_FX,,snp_wpn_1p,,,,,,,,,,,,,,,,,,,,,,,,2d,,,NONLOOPING,,,,,,,,,,,,,,,,,,,,,,,,,,,,,,,,,,,,,,,,,,,,,,,,,,,,,,,,,,,,,
wpn_t6_stg44_mag_out,,,skye_ports\t6_stg44\foley\wpn_t6_stg44_mag_out.wav,,,UIN_MOD,,,,,BUS_FX,,snp_wpn_1p,,,,,,,,,,,,,,,,,,,,,,,,2d,,,NONLOOPING,,,,,,,,,,,,,,,,,,,,,,,,,,,,,,,,,,,,,,,,,,,,,,,,,,,,,,,,,,,,,

#BO2 KBP OTs-03 SVU-AS,,,,,,,,,,,,,,,,,,,,,,,,,,,,,,,,,,,,,,,,,,,,,,,,,,,,,,,,,,,,,,,,,,,,,,,,,,,,,,,,,,,,,,,,,,,,,,,,,,,,,
wpn_t6_svuas_shot_plr,,,skye_ports\t6_svuas\fire\wpn_t6_svuas_shot.wav,,,UIN_MOD,,,,,BUS_FX,,snp_wpn_1p_shot,,,,80,80,,,,,,,,,,,,,,,,,,,2d,,,NONLOOPING,,,,,,,,,,,,,,,,,,,,,,,,,,,,,,,,,,,,,,,,,,,,,,,,,,,,,,,,,,,,,
wpn_t6_svuas_shot_npc,,,skye_ports\t6_svuas\fire\wpn_t6_svuas_shot.wav,,,UIN_MOD,,,,,BUS_FX,,snp_wpn_3p,,,,80,80,0,1000,1000,,,,,,,,,,,,,,,,3d,,,NONLOOPING,,,,,,,,,,,,,,,,,,,,,,,,,,,,,,,,,,,,,,,,,,,,,,,,,,,,,,,,,,,,,
wpn_t6_svuas_pap_shot_plr,,,skye_ports\t6_svuas\fire\wpn_t6_svuas_pap_shot.wav,,,UIN_MOD,,,,,BUS_FX,,snp_wpn_1p_shot,,,,80,80,,,,,,,,,,,,,,,,,,,2d,,,NONLOOPING,,,,,,,,,,,,,,,,,,,,,,,,,,,,,,,,,,,,,,,,,,,,,,,,,,,,,,,,,,,,,
wpn_t6_svuas_pap_shot_npc,,,skye_ports\t6_svuas\fire\wpn_t6_svuas_pap_shot.wav,,,UIN_MOD,,,,,BUS_FX,,snp_wpn_3p,,,,80,80,0,1000,1000,,,,,,,,,,,,,,,,3d,,,NONLOOPING,,,,,,,,,,,,,,,,,,,,,,,,,,,,,,,,,,,,,,,,,,,,,,,,,,,,,,,,,,,,,
wpn_t6_svuas_bolt_back,,,skye_ports\t6_svuas\foley\wpn_t6_svuas_bolt_back.wav,,,UIN_MOD,,,,,BUS_FX,,snp_wpn_1p,,,,,,,,,,,,,,,,,,,,,,,,2d,,,NONLOOPING,,,,,,,,,,,,,,,,,,,,,,,,,,,,,,,,,,,,,,,,,,,,,,,,,,,,,,,,,,,,,
wpn_t6_svuas_bolt_forward,,,skye_ports\t6_svuas\foley\wpn_t6_svuas_bolt_forward.wav,,,UIN_MOD,,,,,BUS_FX,,snp_wpn_1p,,,,,,,,,,,,,,,,,,,,,,,,2d,,,NONLOOPING,,,,,,,,,,,,,,,,,,,,,,,,,,,,,,,,,,,,,,,,,,,,,,,,,,,,,,,,,,,,,
wpn_t6_svuas_mag_in,,,skye_ports\t6_svuas\foley\wpn_t6_svuas_mag_in.wav,,,UIN_MOD,,,,,BUS_FX,,snp_wpn_1p,,,,,,,,,,,,,,,,,,,,,,,,2d,,,NONLOOPING,,,,,,,,,,,,,,,,,,,,,,,,,,,,,,,,,,,,,,,,,,,,,,,,,,,,,,,,,,,,,
wpn_t6_svuas_mag_out,,,skye_ports\t6_svuas\foley\wpn_t6_svuas_mag_out.wav,,,UIN_MOD,,,,,BUS_FX,,snp_wpn_1p,,,,,,,,,,,,,,,,,,,,,,,,2d,,,NONLOOPING,,,,,,,,,,,,,,,,,,,,,,,,,,,,,,,,,,,,,,,,,,,,,,,,,,,,,,,,,,,,,

#BO2 Norinco QBZ-95 "Type 25",,,,,,,,,,,,,,,,,,,,,,,,,,,,,,,,,,,,,,,,,,,,,,,,,,,,,,,,,,,,,,,,,,,,,,,,,,,,,,,,,,,,,,,,,,,,,,,,,,,,,
wpn_t6_type25_shot_plr,,,skye_ports\t6_type25\fire\wpn_t6_type25_shot.wav,,,UIN_MOD,,,,,BUS_FX,,snp_wpn_1p_shot,,,,80,80,,,,,,,,,,,,,,,,,,,2d,,,NONLOOPING,,,,,,,,,,,,,,,,,,,,,,,,,,,,,,,,,,,,,,,,,,,,,,,,,,,,,,,,,,,,,
wpn_t6_type25_shot_npc,,,skye_ports\t6_type25\fire\wpn_t6_type25_shot.wav,,,UIN_MOD,,,,,BUS_FX,,snp_wpn_3p,,,,80,80,0,1000,1000,,,,,,,,,,,,,,,,3d,,,NONLOOPING,,,,,,,,,,,,,,,,,,,,,,,,,,,,,,,,,,,,,,,,,,,,,,,,,,,,,,,,,,,,,
wpn_t6_type25_pap_shot_plr,,,skye_ports\t6_type25\fire\wpn_t6_type25_pap_shot.wav,,,UIN_MOD,,,,,BUS_FX,,snp_wpn_1p_shot,,,,80,80,,,,,,,,,,,,,,,,,,,2d,,,NONLOOPING,,,,,,,,,,,,,,,,,,,,,,,,,,,,,,,,,,,,,,,,,,,,,,,,,,,,,,,,,,,,,
wpn_t6_type25_pap_shot_npc,,,skye_ports\t6_type25\fire\wpn_t6_type25_pap_shot.wav,,,UIN_MOD,,,,,BUS_FX,,snp_wpn_3p,,,,80,80,0,1000,1000,,,,,,,,,,,,,,,,3d,,,NONLOOPING,,,,,,,,,,,,,,,,,,,,,,,,,,,,,,,,,,,,,,,,,,,,,,,,,,,,,,,,,,,,,
wpn_t6_type25_bolt_back,,,skye_ports\t6_type25\foley\wpn_t6_type25_bolt_back.wav,,,UIN_MOD,,,,,BUS_FX,,snp_wpn_1p,,,,,,,,,,,,,,,,,,,,,,,,2d,,,NONLOOPING,,,,,,,,,,,,,,,,,,,,,,,,,,,,,,,,,,,,,,,,,,,,,,,,,,,,,,,,,,,,,
wpn_t6_type25_bolt_forward,,,skye_ports\t6_type25\foley\wpn_t6_type25_bolt_forward.wav,,,UIN_MOD,,,,,BUS_FX,,snp_wpn_1p,,,,,,,,,,,,,,,,,,,,,,,,2d,,,NONLOOPING,,,,,,,,,,,,,,,,,,,,,,,,,,,,,,,,,,,,,,,,,,,,,,,,,,,,,,,,,,,,,
wpn_t6_type25_mag_in,,,skye_ports\t6_type25\foley\wpn_t6_type25_mag_in.wav,,,UIN_MOD,,,,,BUS_FX,,snp_wpn_1p,,,,,,,,,,,,,,,,,,,,,,,,2d,,,NONLOOPING,,,,,,,,,,,,,,,,,,,,,,,,,,,,,,,,,,,,,,,,,,,,,,,,,,,,,,,,,,,,,
wpn_t6_type25_mag_out,,,skye_ports\t6_type25\foley\wpn_t6_type25_mag_out.wav,,,UIN_MOD,,,,,BUS_FX,,snp_wpn_1p,,,,,,,,,,,,,,,,,,,,,,,,2d,,,NONLOOPING,,,,,,,,,,,,,,,,,,,,,,,,,,,,,,,,,,,,,,,,,,,,,,,,,,,,,,,,,,,,,

#BO2 IWI Uzi,,,,,,,,,,,,,,,,,,,,,,,,,,,,,,,,,,,,,,,,,,,,,,,,,,,,,,,,,,,,,,,,,,,,,,,,,,,,,,,,,,,,,,,,,,,,,,,,,,,,,
wpn_t6_uzi_shot_plr,,,skye_ports\t6_uzi\fire\wpn_t6_uzi_shot.wav,,,UIN_MOD,,,,,BUS_FX,,snp_wpn_1p_shot,,,,80,80,,,,,,,,,,,,,,,,,,,2d,,,NONLOOPING,,,,,,,,,,,,,,,,,,,,,,,,,,,,,,,,,,,,,,,,,,,,,,,,,,,,,,,,,,,,,
wpn_t6_uzi_shot_npc,,,skye_ports\t6_uzi\fire\wpn_t6_uzi_shot.wav,,,UIN_MOD,,,,,BUS_FX,,snp_wpn_3p,,,,80,80,0,1000,1000,,,,,,,,,,,,,,,,3d,,,NONLOOPING,,,,,,,,,,,,,,,,,,,,,,,,,,,,,,,,,,,,,,,,,,,,,,,,,,,,,,,,,,,,,
wpn_t6_uzi_pap_shot_plr,,,skye_ports\t6_uzi\fire\wpn_t6_uzi_pap_shot.wav,,,UIN_MOD,,,,,BUS_FX,,snp_wpn_1p_shot,,,,80,80,,,,,,,,,,,,,,,,,,,2d,,,NONLOOPING,,,,,,,,,,,,,,,,,,,,,,,,,,,,,,,,,,,,,,,,,,,,,,,,,,,,,,,,,,,,,
wpn_t6_uzi_pap_shot_npc,,,skye_ports\t6_uzi\fire\wpn_t6_uzi_pap_shot.wav,,,UIN_MOD,,,,,BUS_FX,,snp_wpn_3p,,,,80,80,0,1000,1000,,,,,,,,,,,,,,,,3d,,,NONLOOPING,,,,,,,,,,,,,,,,,,,,,,,,,,,,,,,,,,,,,,,,,,,,,,,,,,,,,,,,,,,,,
wpn_t6_uzi_bolt_back,,,skye_ports\t6_uzi\foley\wpn_t6_uzi_bolt_back.wav,,,UIN_MOD,,,,,BUS_FX,,snp_wpn_1p,,,,,,,,,,,,,,,,,,,,,,,,2d,,,NONLOOPING,,,,,,,,,,,,,,,,,,,,,,,,,,,,,,,,,,,,,,,,,,,,,,,,,,,,,,,,,,,,,
wpn_t6_uzi_bolt_forward,,,skye_ports\t6_uzi\foley\wpn_t6_uzi_bolt_forward.wav,,,UIN_MOD,,,,,BUS_FX,,snp_wpn_1p,,,,,,,,,,,,,,,,,,,,,,,,2d,,,NONLOOPING,,,,,,,,,,,,,,,,,,,,,,,,,,,,,,,,,,,,,,,,,,,,,,,,,,,,,,,,,,,,,
wpn_t6_uzi_futz,,,skye_ports\t6_uzi\foley\wpn_t6_uzi_futz.wav,,,UIN_MOD,,,,,BUS_FX,,snp_wpn_1p,,,,,,,,,,,,,,,,,,,,,,,,2d,,,NONLOOPING,,,,,,,,,,,,,,,,,,,,,,,,,,,,,,,,,,,,,,,,,,,,,,,,,,,,,,,,,,,,,
wpn_t6_uzi_mag_in,,,skye_ports\t6_uzi\foley\wpn_t6_uzi_mag_in.wav,,,UIN_MOD,,,,,BUS_FX,,snp_wpn_1p,,,,,,,,,,,,,,,,,,,,,,,,2d,,,NONLOOPING,,,,,,,,,,,,,,,,,,,,,,,,,,,,,,,,,,,,,,,,,,,,,,,,,,,,,,,,,,,,,
wpn_t6_uzi_mag_out,,,skye_ports\t6_uzi\foley\wpn_t6_uzi_mag_out.wav,,,UIN_MOD,,,,,BUS_FX,,snp_wpn_1p,,,,,,,,,,,,,,,,,,,,,,,,2d,,,NONLOOPING,,,,,,,,,,,,,,,,,,,,,,,,,,,,,,,,,,,,,,,,,,,,,,,,,,,,,,,,,,,,,

#BO2 Milkor M32 MGL "War Machine",,,,,,,,,,,,,,,,,,,,,,,,,,,,,,,,,,,,,,,,,,,,,,,,,,,,,,,,,,,,,,,,,,,,,,,,,,,,,,,,,,,,,,,,,,,,,,,,,,,,,
wpn_t6_war_machine_shot_plr,,,skye_ports\t6_war_machine\fire\wpn_t6_war_machine_shot.wav,,,UIN_MOD,,,,,BUS_FX,,snp_wpn_1p_shot,,,,80,80,,,,,,,,,,,,,,,,,,,2d,,,NONLOOPING,,,,,,,,,,,,,,,,,,,,,,,,,,,,,,,,,,,,,,,,,,,,,,,,,,,,,,,,,,,,,
wpn_t6_war_machine_shot_npc,,,skye_ports\t6_war_machine\fire\wpn_t6_war_machine_shot.wav,,,UIN_MOD,,,,,BUS_FX,,snp_wpn_3p,,,,80,80,0,1000,1000,,,,,,,,,,,,,,,,3d,,,NONLOOPING,,,,,,,,,,,,,,,,,,,,,,,,,,,,,,,,,,,,,,,,,,,,,,,,,,,,,,,,,,,,,
wpn_t6_war_machine_pap_shot_plr,,,skye_ports\t6_war_machine\fire\wpn_t6_war_machine_pap_shot.wav,,,UIN_MOD,,,,,BUS_FX,,snp_wpn_1p_shot,,,,80,80,,,,,,,,,,,,,,,,,,,2d,,,NONLOOPING,,,,,,,,,,,,,,,,,,,,,,,,,,,,,,,,,,,,,,,,,,,,,,,,,,,,,,,,,,,,,
wpn_t6_war_machine_pap_shot_npc,,,skye_ports\t6_war_machine\fire\wpn_t6_war_machine_pap_shot.wav,,,UIN_MOD,,,,,BUS_FX,,snp_wpn_3p,,,,80,80,0,1000,1000,,,,,,,,,,,,,,,,3d,,,NONLOOPING,,,,,,,,,,,,,,,,,,,,,,,,,,,,,,,,,,,,,,,,,,,,,,,,,,,,,,,,,,,,,
wpn_t6_war_machine_close,,,skye_ports\t6_war_machine\foley\wpn_t6_war_machine_close.wav,,,UIN_MOD,,,,,BUS_FX,,snp_wpn_1p,,,,,,,,,,,,,,,,,,,,,,,,2d,,,NONLOOPING,,,,,,,,,,,,,,,,,,,,,,,,,,,,,,,,,,,,,,,,,,,,,,,,,,,,,,,,,,,,,
wpn_t6_war_machine_first_raise_rotate,,,skye_ports\t6_war_machine\foley\wpn_t6_war_machine_first_raise_rotate.wav,,,UIN_MOD,,,,,BUS_FX,,snp_wpn_1p,,,,,,,,,,,,,,,,,,,,,,,,2d,,,NONLOOPING,,,,,,,,,,,,,,,,,,,,,,,,,,,,,,,,,,,,,,,,,,,,,,,,,,,,,,,,,,,,,
wpn_t6_war_machine_first_raise_switch,,,skye_ports\t6_war_machine\foley\wpn_t6_war_machine_first_raise_switch.wav,,,UIN_MOD,,,,,BUS_FX,,snp_wpn_1p,,,,,,,,,,,,,,,,,,,,,,,,2d,,,NONLOOPING,,,,,,,,,,,,,,,,,,,,,,,,,,,,,,,,,,,,,,,,,,,,,,,,,,,,,,,,,,,,,
wpn_t6_war_machine_open,,,skye_ports\t6_war_machine\foley\wpn_t6_war_machine_open.wav,,,UIN_MOD,,,,,BUS_FX,,snp_wpn_1p,,,,,,,,,,,,,,,,,,,,,,,,2d,,,NONLOOPING,,,,,,,,,,,,,,,,,,,,,,,,,,,,,,,,,,,,,,,,,,,,,,,,,,,,,,,,,,,,,
wpn_t6_war_machine_rotate,,,skye_ports\t6_war_machine\foley\wpn_t6_war_machine_rotate.wav,,,UIN_MOD,,,,,BUS_FX,,snp_wpn_1p,,,,,,,,,,,,,,,,,,,,,,,,2d,,,NONLOOPING,,,,,,,,,,,,,,,,,,,,,,,,,,,,,,,,,,,,,,,,,,,,,,,,,,,,,,,,,,,,,
wpn_t6_war_machine_shells_in,,,skye_ports\t6_war_machine\foley\wpn_t6_war_machine_shells_in.wav,,,UIN_MOD,,,,,BUS_FX,,snp_wpn_1p,,,,,,,,,,,,,,,,,,,,,,,,2d,,,NONLOOPING,,,,,,,,,,,,,,,,,,,,,,,,,,,,,,,,,,,,,,,,,,,,,,,,,,,,,,,,,,,,,
wpn_t6_war_machine_shells_out,,,skye_ports\t6_war_machine\foley\wpn_t6_war_machine_shells_out.wav,,,UIN_MOD,,,,,BUS_FX,,snp_wpn_1p,,,,,,,,,,,,,,,,,,,,,,,,2d,,,NONLOOPING,,,,,,,,,,,,,,,,,,,,,,,,,,,,,,,,,,,,,,,,,,,,,,,,,,,,,,,,,,,,,